GSP Name,From Bus Number,To Bus Number,Tertiary Bus Number,From Bus Name,To Bus Name,Tertiary Bus Name,Circuit ID,Season,Import TL MW,Export TL MW,Import CAFPL MVA,Export CARPL MVA
Aberthaw and Cardiff East,950002,950006,0,CARE2_H23,CARE1_SGT2,,S2,Winter,-162.3,-0.7,,
Aberthaw and Cardiff East,950002,950006,0,CARE2_H23,CARE1_SGT2,,S2,Intermediate Cool,-136.4,-0.7,,
Aberthaw and Cardiff East,950002,950006,0,CARE2_H23,CARE1_SGT2,,S2,Intermediate Warm,-136.4,-0.7,,
Aberthaw and Cardiff East,950002,950006,0,CARE2_H23,CARE1_SGT2,,S2,Summer,-127.2,-0.7,,
Aberthaw and Cardiff East,950004,950007,0,CARE2_H33,CARE1_SGT3,,S3,Winter,-162.3,-0.7,,
Aberthaw and Cardiff East,950004,950007,0,CARE2_H33,CARE1_SGT3,,S3,Intermediate Cool,-136.4,-0.7,,
Aberthaw and Cardiff East,950004,950007,0,CARE2_H33,CARE1_SGT3,,S3,Intermediate Warm,-136.4,-0.7,,
Aberthaw and Cardiff East,950004,950007,0,CARE2_H33,CARE1_SGT3,,S3,Summer,-127.2,-0.7,,
Aberthaw and Cardiff East,950131,960111,95040,ABTH2_SGT1,ABTH1_#180,ABTH8A,S1,Winter,-157.3,-0.4,,
Aberthaw and Cardiff East,950131,960111,95040,ABTH2_SGT1,ABTH1_#180,ABTH8A,S1,Intermediate Cool,-159.5,-0.4,,
Aberthaw and Cardiff East,950131,960111,95040,ABTH2_SGT1,ABTH1_#180,ABTH8A,S1,Intermediate Warm,-159.5,-0.4,,
Aberthaw and Cardiff East,950131,960111,95040,ABTH2_SGT1,ABTH1_#180,ABTH8A,S1,Summer,-163.5,-0.4,,
Aberthaw and Cardiff East,960117,950132,0,ABTH1_#280,ABTH2_SGT2,,S2,Winter,-157.3,-0.4,,
Aberthaw and Cardiff East,960117,950132,0,ABTH1_#280,ABTH2_SGT2,,S2,Intermediate Cool,-159.5,-0.4,,
Aberthaw and Cardiff East,960117,950132,0,ABTH1_#280,ABTH2_SGT2,,S2,Intermediate Warm,-159.5,-0.4,,
Aberthaw and Cardiff East,960117,950132,0,ABTH1_#280,ABTH2_SGT2,,S2,Summer,-163.5,-0.4,,
Abham,800502,801218,97041,ABHA4_213,ABHA1_#280,ABHA8B,S2,Winter,-382.7,180.4,,180.0
Abham,800502,801218,97041,ABHA4_213,ABHA1_#280,ABHA8B,S2,Intermediate Cool,-368.5,180.4,,180.0
Abham,800502,801218,97041,ABHA4_213,ABHA1_#280,ABHA8B,S2,Intermediate Warm,-368.5,180.4,,180.0
Abham,800502,801218,97041,ABHA4_213,ABHA1_#280,ABHA8B,S2,Summer,-325.4,180.4,,180.0
Abham,800601,973300,97040,ABHA4_113,ABHA1_SGT1,ABHA8A,S1,Winter,-382.7,180.4,,180.0
Abham,800601,973300,97040,ABHA4_113,ABHA1_SGT1,ABHA8A,S1,Intermediate Cool,-368.5,180.4,,180.0
Abham,800601,973300,97040,ABHA4_113,ABHA1_SGT1,ABHA8A,S1,Intermediate Warm,-368.5,180.4,,180.0
Abham,800601,973300,97040,ABHA4_113,ABHA1_SGT1,ABHA8A,S1,Summer,-325.4,180.4,,180.0
Exeter,830110,831120,97282,EXET4_710,EXET1_#780,EXET8C,S7,Winter,-259.0,267.3,,240.0
Exeter,830110,831120,97282,EXET4_710,EXET1_#780,EXET8C,S7,Intermediate Cool,-226.0,267.3,,240.0
Exeter,830110,831120,97282,EXET4_710,EXET1_#780,EXET8C,S7,Intermediate Warm,-226.0,267.3,,240.0
Exeter,830110,831120,97282,EXET4_710,EXET1_#780,EXET8C,S7,Summer,-181.7,267.3,,240.0
Exeter,830122,831114,97280,EXET4_110,EXET1_#180,EXET8A,S1,Winter,-259.0,267.3,,180.0
Exeter,830122,831114,97280,EXET4_110,EXET1_#180,EXET8A,S1,Intermediate Cool,-226.0,267.3,,180.0
Exeter,830122,831114,97280,EXET4_110,EXET1_#180,EXET8A,S1,Intermediate Warm,-226.0,267.3,,180.0
Exeter,830122,831114,97280,EXET4_110,EXET1_#180,EXET8A,S1,Summer,-181.7,267.3,,180.0
Landulph,850104,851118,97601,LAND4_213,LAND1_#280,LAND8B,S2,Winter,-277.0,187.3,,
Landulph,850104,851118,97601,LAND4_213,LAND1_#280,LAND8B,S2,Intermediate Cool,-263.3,187.3,,
Landulph,850104,851118,97601,LAND4_213,LAND1_#280,LAND8B,S2,Intermediate Warm,-263.3,187.3,,
Landulph,850104,851118,97601,LAND4_213,LAND1_#280,LAND8B,S2,Summer,-234.6,187.3,,
Landulph,850304,851122,97602,LAND4_313,LAND1_#380,LAND8C,S3,Winter,-277.0,187.3,,
Landulph,850304,851122,97602,LAND4_313,LAND1_#380,LAND8C,S3,Intermediate Cool,-263.3,187.3,,
Landulph,850304,851122,97602,LAND4_313,LAND1_#380,LAND8C,S3,Intermediate Warm,-263.3,187.3,,
Landulph,850304,851122,97602,LAND4_313,LAND1_#380,LAND8C,S3,Summer,-234.6,187.3,,
Indian Queens,231200,973700,97443,INDQ4_313,INDQ1_SGT3,INDQ8C,S3,Winter,-414.4,395.6,,720.0
Indian Queens,231200,973700,97443,INDQ4_313,INDQ1_SGT3,INDQ8C,S3,Intermediate Cool,-373.8,395.6,,720.0
Indian Queens,231200,973700,97443,INDQ4_313,INDQ1_SGT3,INDQ8C,S3,Intermediate Warm,-373.8,395.6,,720.0
Indian Queens,231200,973700,97443,INDQ4_313,INDQ1_SGT3,INDQ8C,S3,Summer,-269.1,395.6,,720.0
Alverdiscott,810801,811106,97100,ALVE4_#110,ALVE1_#180,ALVE8A,S1,Winter,-257.0,329.2,240.0,240.0
Alverdiscott,810801,811106,97100,ALVE4_#110,ALVE1_#180,ALVE8A,S1,Intermediate Cool,-203.6,329.2,240.0,240.0
Alverdiscott,810801,811106,97100,ALVE4_#110,ALVE1_#180,ALVE8A,S1,Intermediate Warm,-203.6,329.2,240.0,240.0
Alverdiscott,810801,811106,97100,ALVE4_#110,ALVE1_#180,ALVE8A,S1,Summer,-175.0,329.2,240.0,240.0
Alverdiscott,810901,811107,97101,ALVE4_#210,ALVE1_#280,ALVE8B,S2,Winter,-257.0,329.2,240.0,240.0
Alverdiscott,810901,811107,97101,ALVE4_#210,ALVE1_#280,ALVE8B,S2,Intermediate Cool,-203.6,329.2,240.0,240.0
Alverdiscott,810901,811107,97101,ALVE4_#210,ALVE1_#280,ALVE8B,S2,Intermediate Warm,-203.6,329.2,240.0,240.0
Alverdiscott,810901,811107,97101,ALVE4_#210,ALVE1_#280,ALVE8B,S2,Summer,-175.0,329.2,240.0,240.0
Indian Queens,840109,841116,97441,INDQ4_113,INDQ1_#180,INDQ8A,S1,Winter,-414.4,395.6,,720.0
Indian Queens,840109,841116,97441,INDQ4_113,INDQ1_#180,INDQ8A,S1,Intermediate Cool,-373.8,395.6,,720.0
Indian Queens,840109,841116,97441,INDQ4_113,INDQ1_#180,INDQ8A,S1,Intermediate Warm,-373.8,395.6,,720.0
Indian Queens,840109,841116,97441,INDQ4_113,INDQ1_#180,INDQ8A,S1,Summer,-269.1,395.6,,720.0
Indian Queens,840112,841108,97442,INDQ4_213,INDQ1_#280,INDQ8B,S2,Winter,-414.4,395.6,,720.0
Indian Queens,840112,841108,97442,INDQ4_213,INDQ1_#280,INDQ8B,S2,Intermediate Cool,-373.8,395.6,,720.0
Indian Queens,840112,841108,97442,INDQ4_213,INDQ1_#280,INDQ8B,S2,Intermediate Warm,-373.8,395.6,,720.0
Indian Queens,840112,841108,97442,INDQ4_213,INDQ1_#280,INDQ8B,S2,Summer,-269.1,395.6,,720.0
Axminster,821112,822303,0,AXMI1_105,WOCO1_113,,L1,Winter,-87.5,55.5,,
Axminster,821112,822303,0,AXMI1_105,WOCO1_113,,L1,Intermediate Cool,-70.0,55.5,,
Axminster,821112,822303,0,AXMI1_105,WOCO1_113,,L1,Intermediate Warm,-70.0,55.5,,
Axminster,821112,822303,0,AXMI1_105,WOCO1_113,,L1,Summer,-57.5,55.5,,
Axminster,821114,822304,0,AXMI1_205,WOCO1_213,,L2,Winter,-87.5,55.5,,
Axminster,821114,822304,0,AXMI1_205,WOCO1_213,,L2,Intermediate Cool,-70.0,55.5,,
Axminster,821114,822304,0,AXMI1_205,WOCO1_213,,L2,Intermediate Warm,-70.0,55.5,,
Axminster,821114,822304,0,AXMI1_205,WOCO1_213,,L2,Summer,-57.5,55.5,,
Berkswell,419700,320538,32170,BESW2_#H10,BESW1_SGT1,BESW8G1,S1,Winter,-302.6,63.9,,240.0
Berkswell,419700,320538,32170,BESW2_#H10,BESW1_SGT1,BESW8G1,S1,Intermediate Cool,-259.1,63.9,,240.0
Berkswell,419700,320538,32170,BESW2_#H10,BESW1_SGT1,BESW8G1,S1,Intermediate Warm,-259.1,63.9,,240.0
Berkswell,419700,320538,32170,BESW2_#H10,BESW1_SGT1,BESW8G1,S1,Summer,-213.1,63.9,,240.0
Berkswell,419701,320540,32172,BESW2_#H20,BESW1_SGT2,BESW8G2,S2,Winter,-302.6,63.9,,240.0
Berkswell,419701,320540,32172,BESW2_#H20,BESW1_SGT2,BESW8G2,S2,Intermediate Cool,-259.1,63.9,,240.0
Berkswell,419701,320540,32172,BESW2_#H20,BESW1_SGT2,BESW8G2,S2,Intermediate Warm,-259.1,63.9,,240.0
Berkswell,419701,320540,32172,BESW2_#H20,BESW1_SGT2,BESW8G2,S2,Summer,-213.1,63.9,,240.0
Berkswell,419702,320542,32171,BESW2_#H30,BESW1_SGT3,BESW8G3,S3,Winter,-302.6,63.9,,240.0
Berkswell,419702,320542,32171,BESW2_#H30,BESW1_SGT3,BESW8G3,S3,Intermediate Cool,-259.1,63.9,,240.0
Berkswell,419702,320542,32171,BESW2_#H30,BESW1_SGT3,BESW8G3,S3,Intermediate Warm,-259.1,63.9,,240.0
Berkswell,419702,320542,32171,BESW2_#H30,BESW1_SGT3,BESW8G3,S3,Summer,-213.1,63.9,,240.0
Berkswell,419703,320524,321720,BESW2_#H60,BESW1_#680,BESW8G6,S6,Winter,-302.6,63.9,,240.0
Berkswell,419703,320524,321720,BESW2_#H60,BESW1_#680,BESW8G6,S6,Intermediate Cool,-259.1,63.9,,240.0
Berkswell,419703,320524,321720,BESW2_#H60,BESW1_#680,BESW8G6,S6,Intermediate Warm,-259.1,63.9,,240.0
Berkswell,419703,320524,321720,BESW2_#H60,BESW1_#680,BESW8G6,S6,Summer,-213.1,63.9,,240.0
Bicker Fen,490000,489908,42281,BICF4_#110,BICF1_#180,BICF8G1,S1,Winter,-160.1,263.5,,240.0
Bicker Fen,490000,489908,42281,BICF4_#110,BICF1_#180,BICF8G1,S1,Intermediate Cool,-179.1,263.5,,240.0
Bicker Fen,490000,489908,42281,BICF4_#110,BICF1_#180,BICF8G1,S1,Intermediate Warm,-179.1,263.5,,240.0
Bicker Fen,490000,489908,42281,BICF4_#110,BICF1_#180,BICF8G1,S1,Summer,-110.8,263.5,,240.0
Bicker Fen,490001,489914,42280,BICF4_#210,BICF1_#280,BICF8G2,S2,Winter,-160.1,263.5,,240.0
Bicker Fen,490001,489914,42280,BICF4_#210,BICF1_#280,BICF8G2,S2,Intermediate Cool,-179.1,263.5,,240.0
Bicker Fen,490001,489914,42280,BICF4_#210,BICF1_#280,BICF8G2,S2,Intermediate Warm,-179.1,263.5,,240.0
Bicker Fen,490001,489914,42280,BICF4_#210,BICF1_#280,BICF8G2,S2,Summer,-110.8,263.5,,240.0
Bishops Wood,100106,108932,100110,BISW2_H20,BISW1_SGT2,BISW81_G2,S2,Winter,-470.6,313.4,,480.0
Bishops Wood,100106,108932,100110,BISW2_H20,BISW1_SGT2,BISW81_G2,S2,Intermediate Cool,-409.3,313.4,,480.0
Bishops Wood,100106,108932,100110,BISW2_H20,BISW1_SGT2,BISW81_G2,S2,Intermediate Warm,-409.3,313.4,,480.0
Bishops Wood,100106,108932,100110,BISW2_H20,BISW1_SGT2,BISW81_G2,S2,Summer,-348.7,313.4,,480.0
Bishops Wood,100107,108933,100111,BISW2_H30,BISW1_SGT3,BISW81_G3,S3,Winter,-470.6,313.4,,480.0
Bishops Wood,100107,108933,100111,BISW2_H30,BISW1_SGT3,BISW81_G3,S3,Intermediate Cool,-409.3,313.4,,480.0
Bishops Wood,100107,108933,100111,BISW2_H30,BISW1_SGT3,BISW81_G3,S3,Intermediate Warm,-409.3,313.4,,480.0
Bishops Wood,100107,108933,100111,BISW2_H30,BISW1_SGT3,BISW81_G3,S3,Summer,-348.7,313.4,,480.0
Bishops Wood,100108,108934,0,BISW2_H40,BISW1_SGT4,,S4,Winter,-470.6,313.4,,480.0
Bishops Wood,100108,108934,0,BISW2_H40,BISW1_SGT4,,S4,Intermediate Cool,-409.3,313.4,,480.0
Bishops Wood,100108,108934,0,BISW2_H40,BISW1_SGT4,,S4,Intermediate Warm,-409.3,313.4,,480.0
Bishops Wood,100108,108934,0,BISW2_H40,BISW1_SGT4,,S4,Summer,-348.7,313.4,,480.0
Bridgwater,970902,871112,97220,BRWA4_110,BRWA1_#180,BRWA8A,S1,Winter,-132.5,93.4,,180.0
Bridgwater,970902,871112,97220,BRWA4_110,BRWA1_#180,BRWA8A,S1,Intermediate Cool,-93.0,93.4,,180.0
Bridgwater,970902,871112,97220,BRWA4_110,BRWA1_#180,BRWA8A,S1,Intermediate Warm,-93.0,93.4,,180.0
Bridgwater,970902,871112,97220,BRWA4_110,BRWA1_#180,BRWA8A,S1,Summer,-82.0,93.4,,180.0
Bridgwater,970903,871118,97221,BRWA4_210,BRWA1_#280,BRWA8B,S2,Winter,-132.5,93.4,,180.0
Bridgwater,970903,871118,97221,BRWA4_210,BRWA1_#280,BRWA8B,S2,Intermediate Cool,-93.0,93.4,,180.0
Bridgwater,970903,871118,97221,BRWA4_210,BRWA1_#280,BRWA8B,S2,Intermediate Warm,-93.0,93.4,,180.0
Bridgwater,970903,871118,97221,BRWA4_210,BRWA1_#280,BRWA8B,S2,Summer,-82.0,93.4,,180.0
Taunton,974301,972900,97800,TAUN4_#210,TAUN1_#280,TAUN8A,S2,Winter,-185.1,114.8,,240.0
Taunton,974301,972900,97800,TAUN4_#210,TAUN1_#280,TAUN8A,S2,Intermediate Cool,-129.1,114.8,,240.0
Taunton,974301,972900,97800,TAUN4_#210,TAUN1_#280,TAUN8A,S2,Intermediate Warm,-129.1,114.8,,240.0
Taunton,974301,972900,97800,TAUN4_#210,TAUN1_#280,TAUN8A,S2,Summer,-117.0,114.8,,240.0
Taunton,974302,972901,97801,TAUN4_#110,TAUN1_#180,TAUN8B,S1,Winter,-185.1,114.8,,240.0
Taunton,974302,972901,97801,TAUN4_#110,TAUN1_#180,TAUN8B,S1,Intermediate Cool,-129.1,114.8,,240.0
Taunton,974302,972901,97801,TAUN4_#110,TAUN1_#180,TAUN8B,S1,Intermediate Warm,-129.1,114.8,,240.0
Taunton,974302,972901,97801,TAUN4_#110,TAUN1_#180,TAUN8B,S1,Summer,-117.0,114.8,,240.0
Bushbury,209201,12176,209205,BUSH2_H30,BUSH1_SGT3,BUSH81_G3,S3,Winter,-167.3,105.9,,480.0
Bushbury,209201,12176,209205,BUSH2_H30,BUSH1_SGT3,BUSH81_G3,S3,Intermediate Cool,-161.6,105.9,,480.0
Bushbury,209201,12176,209205,BUSH2_H30,BUSH1_SGT3,BUSH81_G3,S3,Intermediate Warm,-161.6,105.9,,480.0
Bushbury,209201,12176,209205,BUSH2_H30,BUSH1_SGT3,BUSH81_G3,S3,Summer,-185.2,105.9,,480.0
Bushbury,209200,13014,209204,BUSH2_H20,BUSH1_SGT2,BUSH81_G2,S2,Winter,-167.3,105.9,,480.0
Bushbury,209200,13014,209204,BUSH2_H20,BUSH1_SGT2,BUSH81_G2,S2,Intermediate Cool,-161.6,105.9,,480.0
Bushbury,209200,13014,209204,BUSH2_H20,BUSH1_SGT2,BUSH81_G2,S2,Intermediate Warm,-161.6,105.9,,480.0
Bushbury,209200,13014,209204,BUSH2_H20,BUSH1_SGT2,BUSH81_G2,S2,Summer,-185.2,105.9,,480.0
Bushbury,209202,13015,209203,BUSH2_H40,BUSH1_SGT4,BUSH81_G4,S4,Winter,-167.3,105.9,,480.0
Bushbury,209202,13015,209203,BUSH2_H40,BUSH1_SGT4,BUSH81_G4,S4,Intermediate Cool,-161.6,105.9,,480.0
Bushbury,209202,13015,209203,BUSH2_H40,BUSH1_SGT4,BUSH81_G4,S4,Intermediate Warm,-161.6,105.9,,480.0
Bushbury,209202,13015,209203,BUSH2_H40,BUSH1_SGT4,BUSH81_G4,S4,Summer,-185.2,105.9,,480.0
Bustleholm,210400,12744,210407,BUST2_H40,BUST1_SGT4,BUST81_G4,S4,Winter,-340.1,-7.7,,480.0
Bustleholm,210400,12744,210407,BUST2_H40,BUST1_SGT4,BUST81_G4,S4,Intermediate Cool,-328.0,-7.7,,480.0
Bustleholm,210400,12744,210407,BUST2_H40,BUST1_SGT4,BUST81_G4,S4,Intermediate Warm,-328.0,-7.7,,480.0
Bustleholm,210400,12744,210407,BUST2_H40,BUST1_SGT4,BUST81_G4,S4,Summer,-285.4,-7.7,,480.0
Bustleholm,210401,12745,210404,BUST2_H10,BUST1_SGT1,BUST81_G1,S1,Winter,-340.1,-7.7,,480.0
Bustleholm,210401,12745,210404,BUST2_H10,BUST1_SGT1,BUST81_G1,S1,Intermediate Cool,-328.0,-7.7,,480.0
Bustleholm,210401,12745,210404,BUST2_H10,BUST1_SGT1,BUST81_G1,S1,Intermediate Warm,-328.0,-7.7,,480.0
Bustleholm,210401,12745,210404,BUST2_H10,BUST1_SGT1,BUST81_G1,S1,Summer,-285.4,-7.7,,480.0
Bustleholm,210402,12746,210405,BUST2_H20,BUST1_SGT2,BUST81_G2,S2,Winter,-340.1,-7.7,,480.0
Bustleholm,210402,12746,210405,BUST2_H20,BUST1_SGT2,BUST81_G2,S2,Intermediate Cool,-328.0,-7.7,,480.0
Bustleholm,210402,12746,210405,BUST2_H20,BUST1_SGT2,BUST81_G2,S2,Intermediate Warm,-328.0,-7.7,,480.0
Bustleholm,210402,12746,210405,BUST2_H20,BUST1_SGT2,BUST81_G2,S2,Summer,-285.4,-7.7,,480.0
Cellarhead,209300,134917,209308,CELL4_410,CELL1_#480,CELL81_G4,S4,Winter,-460.4,36.9,,
Cellarhead,209300,134917,209308,CELL4_410,CELL1_#480,CELL81_G4,S4,Intermediate Cool,-428.5,36.9,,
Cellarhead,209300,134917,209308,CELL4_410,CELL1_#480,CELL81_G4,S4,Intermediate Warm,-428.5,36.9,,
Cellarhead,209300,134917,209308,CELL4_410,CELL1_#480,CELL81_G4,S4,Summer,-371.6,36.9,,
Cellarhead,209302,134913,209306,CELL4_210,CELL1_#280,CELL81_G2,S2,Winter,-460.4,36.9,,
Cellarhead,209302,134913,209306,CELL4_210,CELL1_#280,CELL81_G2,S2,Intermediate Cool,-428.5,36.9,,
Cellarhead,209302,134913,209306,CELL4_210,CELL1_#280,CELL81_G2,S2,Intermediate Warm,-428.5,36.9,,
Cellarhead,209302,134913,209306,CELL4_210,CELL1_#280,CELL81_G2,S2,Summer,-371.6,36.9,,
Cellarhead,209303,134911,209309,CELL4_1010,CELL1_#1080,CELL81_G10,10,Winter,-460.4,36.9,,
Cellarhead,209303,134911,209309,CELL4_1010,CELL1_#1080,CELL81_G10,10,Intermediate Cool,-428.5,36.9,,
Cellarhead,209303,134911,209309,CELL4_1010,CELL1_#1080,CELL81_G10,10,Intermediate Warm,-428.5,36.9,,
Cellarhead,209303,134911,209309,CELL4_1010,CELL1_#1080,CELL81_G10,10,Summer,-371.6,36.9,,
Cellarhead,209304,134915,209305,CELL4_110,CELL1_#180,CELL81_G1,S1,Winter,-460.4,36.9,,
Cellarhead,209304,134915,209305,CELL4_110,CELL1_#180,CELL81_G1,S1,Intermediate Cool,-428.5,36.9,,
Cellarhead,209304,134915,209305,CELL4_110,CELL1_#180,CELL81_G1,S1,Intermediate Warm,-428.5,36.9,,
Cellarhead,209304,134915,209305,CELL4_110,CELL1_#180,CELL81_G1,S1,Summer,-371.6,36.9,,
Chesterfield,342814,370200,0,CHTE1_#180,CHTE2_#H10,,S1,Winter,-514.0,437.2,,720.0
Chesterfield,342814,370200,0,CHTE1_#180,CHTE2_#H10,,S1,Intermediate Cool,-492.0,437.2,,720.0
Chesterfield,342814,370200,0,CHTE1_#180,CHTE2_#H10,,S1,Intermediate Warm,-492.0,437.2,,720.0
Chesterfield,342814,370200,0,CHTE1_#180,CHTE2_#H10,,S1,Summer,-410.2,437.2,,720.0
Chesterfield,370201,342818,36250,CHTE2_#H20,CHTE1_#280,CHTE81_G2,S2,Winter,-514.0,437.2,,720.0
Chesterfield,370201,342818,36250,CHTE2_#H20,CHTE1_#280,CHTE81_G2,S2,Intermediate Cool,-492.0,437.2,,720.0
Chesterfield,370201,342818,36250,CHTE2_#H20,CHTE1_#280,CHTE81_G2,S2,Intermediate Warm,-492.0,437.2,,720.0
Chesterfield,370201,342818,36250,CHTE2_#H20,CHTE1_#280,CHTE81_G2,S2,Summer,-410.2,437.2,,720.0
Chesterfield,370202,342834,36251,CHTE2_#H30,CHTE1_#380,CHTE81_G3,S3,Winter,-514.0,437.2,,720.0
Chesterfield,370202,342834,36251,CHTE2_#H30,CHTE1_#380,CHTE81_G3,S3,Intermediate Cool,-492.0,437.2,,720.0
Chesterfield,370202,342834,36251,CHTE2_#H30,CHTE1_#380,CHTE81_G3,S3,Intermediate Warm,-492.0,437.2,,720.0
Chesterfield,370202,342834,36251,CHTE2_#H30,CHTE1_#380,CHTE81_G3,S3,Summer,-410.2,437.2,,720.0
Chesterfield,370203,342830,36253,CHTE2_#H40,CHTE1_#480,CHTE81_G4,S4,Winter,-514.0,437.2,,720.0
Chesterfield,370203,342830,36253,CHTE2_#H40,CHTE1_#480,CHTE81_G4,S4,Intermediate Cool,-492.0,437.2,,720.0
Chesterfield,370203,342830,36253,CHTE2_#H40,CHTE1_#480,CHTE81_G4,S4,Intermediate Warm,-492.0,437.2,,720.0
Chesterfield,370203,342830,36253,CHTE2_#H40,CHTE1_#480,CHTE81_G4,S4,Summer,-410.2,437.2,,720.0
Coventry,419600,329613,33232,COVE2_#H10,COVE1_#180,COVE8G1,S1,Winter,-503.3,178.2,,180.0
Coventry,419600,329613,33232,COVE2_#H10,COVE1_#180,COVE8G1,S1,Intermediate Cool,-433.7,178.2,,180.0
Coventry,419600,329613,33232,COVE2_#H10,COVE1_#180,COVE8G1,S1,Intermediate Warm,-433.7,178.2,,180.0
Coventry,419600,329613,33232,COVE2_#H10,COVE1_#180,COVE8G1,S1,Summer,-367.8,178.2,,180.0
Coventry,419601,329627,33230,COVE2_#H20,COVE1_#280,COVE8G2,S2,Winter,-503.3,178.2,,180.0
Coventry,419601,329627,33230,COVE2_#H20,COVE1_#280,COVE8G2,S2,Intermediate Cool,-433.7,178.2,,180.0
Coventry,419601,329627,33230,COVE2_#H20,COVE1_#280,COVE8G2,S2,Intermediate Warm,-433.7,178.2,,180.0
Coventry,419601,329627,33230,COVE2_#H20,COVE1_#280,COVE8G2,S2,Summer,-367.8,178.2,,180.0
Coventry,419602,329611,33233,COVE2_#H30,COVE1_#380,COVE8G3,S3,Winter,-503.3,178.2,,180.0
Coventry,419602,329611,33233,COVE2_#H30,COVE1_#380,COVE8G3,S3,Intermediate Cool,-433.7,178.2,,180.0
Coventry,419602,329611,33233,COVE2_#H30,COVE1_#380,COVE8G3,S3,Intermediate Warm,-433.7,178.2,,180.0
Coventry,419602,329611,33233,COVE2_#H30,COVE1_#380,COVE8G3,S3,Summer,-367.8,178.2,,180.0
Coventry,419603,329625,33231,COVE2_#H40,COVE1_#480,COVE8G4,S4,Winter,-503.3,178.2,,180.0
Coventry,419603,329625,33231,COVE2_#H40,COVE1_#480,COVE8G4,S4,Intermediate Cool,-433.7,178.2,,180.0
Coventry,419603,329625,33231,COVE2_#H40,COVE1_#480,COVE8G4,S4,Intermediate Warm,-433.7,178.2,,180.0
Coventry,419603,329625,33231,COVE2_#H40,COVE1_#480,COVE8G4,S4,Summer,-367.8,178.2,,180.0
Drakelow,315700,450922,45060,DRAK4_#710,DRAK1_#780,DRAK8G7,S7,Winter,-143.9,29.5,,
Drakelow,315700,450922,45060,DRAK4_#710,DRAK1_#780,DRAK8G7,S7,Intermediate Cool,-130.6,29.5,,
Drakelow,315700,450922,45060,DRAK4_#710,DRAK1_#780,DRAK8G7,S7,Intermediate Warm,-130.6,29.5,,
Drakelow,315700,450922,45060,DRAK4_#710,DRAK1_#780,DRAK8G7,S7,Summer,-114.5,29.5,,
Drakelow,315701,450908,45061,DRAK4_#810,DRAK1_#880,DRAK8G8,S8,Winter,-143.9,29.5,,
Drakelow,315701,450908,45061,DRAK4_#810,DRAK1_#880,DRAK8G8,S8,Intermediate Cool,-130.6,29.5,,
Drakelow,315701,450908,45061,DRAK4_#810,DRAK1_#880,DRAK8G8,S8,Intermediate Warm,-130.6,29.5,,
Drakelow,315701,450908,45061,DRAK4_#810,DRAK1_#880,DRAK8G8,S8,Summer,-114.5,29.5,,
East Claydon (EM),369400,369317,30160,ECLA4_110,ECLA1_180,ECLA81_G1,S1,Winter,,,,
East Claydon (EM),369400,369317,30160,ECLA4_110,ECLA1_180,ECLA81_G1,S1,Intermediate Cool,,,,
East Claydon (EM),369400,369317,30160,ECLA4_110,ECLA1_180,ECLA81_G1,S1,Intermediate Warm,,,,
East Claydon (EM),369400,369317,30160,ECLA4_110,ECLA1_180,ECLA81_G1,S1,Summer,,,,
East Claydon (EM),369401,369324,30161,ECLA4_210,ECLA1_280,ECLA81_G2,S2,Winter,,,,
East Claydon (EM),369401,369324,30161,ECLA4_210,ECLA1_280,ECLA81_G2,S2,Intermediate Cool,,,,
East Claydon (EM),369401,369324,30161,ECLA4_210,ECLA1_280,ECLA81_G2,S2,Intermediate Warm,,,,
East Claydon (EM),369401,369324,30161,ECLA4_210,ECLA1_280,ECLA81_G2,S2,Summer,,,,
Enderby,398000,397905,38072,ENDE4_110,ENDE1_#180,ENDE8G1,S1,Winter,-523.5,45.4,,480.0
Enderby,398000,397905,38072,ENDE4_110,ENDE1_#180,ENDE8G1,S1,Intermediate Cool,-479.4,45.4,,480.0
Enderby,398000,397905,38072,ENDE4_110,ENDE1_#180,ENDE8G1,S1,Intermediate Warm,-479.4,45.4,,480.0
Enderby,398000,397905,38072,ENDE4_110,ENDE1_#180,ENDE8G1,S1,Summer,-387.9,45.4,,480.0
Enderby,398002,397917,38071,ENDE4_310,ENDE1_#380,ENDE8G3,S3,Winter,-523.5,45.4,,480.0
Enderby,398002,397917,38071,ENDE4_310,ENDE1_#380,ENDE8G3,S3,Intermediate Cool,-479.4,45.4,,480.0
Enderby,398002,397917,38071,ENDE4_310,ENDE1_#380,ENDE8G3,S3,Intermediate Warm,-479.4,45.4,,480.0
Enderby,398002,397917,38071,ENDE4_310,ENDE1_#380,ENDE8G3,S3,Summer,-387.9,45.4,,480.0
Enderby,398003,397925,38073,ENDE4_410,ENDE1_#480,ENDE8G4,S4,Winter,-523.5,45.4,,480.0
Enderby,398003,397925,38073,ENDE4_410,ENDE1_#480,ENDE8G4,S4,Intermediate Cool,-479.4,45.4,,480.0
Enderby,398003,397925,38073,ENDE4_410,ENDE1_#480,ENDE8G4,S4,Intermediate Warm,-479.4,45.4,,480.0
Enderby,398003,397925,38073,ENDE4_410,ENDE1_#480,ENDE8G4,S4,Summer,-387.9,45.4,,480.0
Feckenham,173854,209801,0,FECK6_SGT5,FECK4_510,,S5,Winter,-238.3,310.8,,300.0
Feckenham,173854,209801,0,FECK6_SGT5,FECK4_510,,S5,Intermediate Cool,-221.3,310.8,,300.0
Feckenham,173854,209801,0,FECK6_SGT5,FECK4_510,,S5,Intermediate Warm,-221.3,310.8,,300.0
Feckenham,173854,209801,0,FECK6_SGT5,FECK4_510,,S5,Summer,-183.8,310.8,,300.0
Feckenham,173855,209803,0,FECK6_SGT7,FECK4_710,,S7,Winter,-238.3,310.8,,300.0
Feckenham,173855,209803,0,FECK6_SGT7,FECK4_710,,S7,Intermediate Cool,-221.3,310.8,,300.0
Feckenham,173855,209803,0,FECK6_SGT7,FECK4_710,,S7,Intermediate Warm,-221.3,310.8,,300.0
Feckenham,173855,209803,0,FECK6_SGT7,FECK4_710,,S7,Summer,-183.8,310.8,,300.0
Feckenham,173856,209804,0,FECK6_SGT9,FECK4_910,,S9,Winter,-238.3,310.8,,300.0
Feckenham,173856,209804,0,FECK6_SGT9,FECK4_910,,S9,Intermediate Cool,-221.3,310.8,,300.0
Feckenham,173856,209804,0,FECK6_SGT9,FECK4_910,,S9,Intermediate Warm,-221.3,310.8,,300.0
Feckenham,173856,209804,0,FECK6_SGT9,FECK4_910,,S9,Summer,-183.8,310.8,,300.0
Feckenham,173853,209901,0,FECK6_SGT2,FECK2_H20,,S2,Winter,-238.3,310.8,,300.0
Feckenham,173853,209901,0,FECK6_SGT2,FECK2_H20,,S2,Intermediate Cool,-221.3,310.8,,300.0
Feckenham,173853,209901,0,FECK6_SGT2,FECK2_H20,,S2,Intermediate Warm,-221.3,310.8,,300.0
Feckenham,173853,209901,0,FECK6_SGT2,FECK2_H20,,S2,Summer,-183.8,310.8,,300.0
Grendon,478900,412131,40382,GREN4_#110,GREN1_#180,GREN81_G1,S1,Winter,-541.7,328.5,,
Grendon,478900,412131,40382,GREN4_#110,GREN1_#180,GREN81_G1,S1,Intermediate Cool,-512.3,328.5,,
Grendon,478900,412131,40382,GREN4_#110,GREN1_#180,GREN81_G1,S1,Intermediate Warm,-512.3,328.5,,
Grendon,478900,412131,40382,GREN4_#110,GREN1_#180,GREN81_G1,S1,Summer,-379.6,328.5,,
Grendon,478901,412109,40383,GREN4_#210,GREN1_#280,GREN81_G2,S2,Winter,-541.7,328.5,,
Grendon,478901,412109,40383,GREN4_#210,GREN1_#280,GREN81_G2,S2,Intermediate Cool,-512.3,328.5,,
Grendon,478901,412109,40383,GREN4_#210,GREN1_#280,GREN81_G2,S2,Intermediate Warm,-512.3,328.5,,
Grendon,478901,412109,40383,GREN4_#210,GREN1_#280,GREN81_G2,S2,Summer,-379.6,328.5,,
Grendon,478902,412107,40384,GREN4_#310,GREN1_#380,GREN81_G3,S3,Winter,-541.7,328.5,,
Grendon,478902,412107,40384,GREN4_#310,GREN1_#380,GREN81_G3,S3,Intermediate Cool,-512.3,328.5,,
Grendon,478902,412107,40384,GREN4_#310,GREN1_#380,GREN81_G3,S3,Intermediate Warm,-512.3,328.5,,
Grendon,478902,412107,40384,GREN4_#310,GREN1_#380,GREN81_G3,S3,Summer,-379.6,328.5,,
Grendon,478903,412135,40380,GREN4_#410,GREN1_#480,GREN81_G4,S4,Winter,-541.7,328.5,,
Grendon,478903,412135,40380,GREN4_#410,GREN1_#480,GREN81_G4,S4,Intermediate Cool,-512.3,328.5,,
Grendon,478903,412135,40380,GREN4_#410,GREN1_#480,GREN81_G4,S4,Intermediate Warm,-512.3,328.5,,
Grendon,478903,412135,40380,GREN4_#410,GREN1_#480,GREN81_G4,S4,Summer,-379.6,328.5,,
Iron Acton (SWe),107554,881226,0,OGWF1_303,IROA1_205,,L1,Winter,-525.0,-11.0,,
Iron Acton (SWe),107554,881226,0,OGWF1_303,IROA1_205,,L1,Intermediate Cool,-395.8,-11.0,,
Iron Acton (SWe),107554,881226,0,OGWF1_303,IROA1_205,,L1,Intermediate Warm,-395.8,-11.0,,
Iron Acton (SWe),107554,881226,0,OGWF1_303,IROA1_205,,L1,Summer,-384.6,-11.0,,
Iron Acton (SWe),167400,881240,0,CHIS1_MAIN1,IROA1_1205,,L1,Winter,-201.9,127.2,,
Iron Acton (SWe),167400,881240,0,CHIS1_MAIN1,IROA1_1205,,L1,Intermediate Cool,-178.9,127.2,,
Iron Acton (SWe),167400,881240,0,CHIS1_MAIN1,IROA1_1205,,L1,Intermediate Warm,-178.9,127.2,,
Iron Acton (SWe),167400,881240,0,CHIS1_MAIN1,IROA1_1205,,L1,Summer,-142.6,127.2,,
Iron Acton (SWe),881228,883101,0,IROA1_210,FEER1_MAIN2,,L2,Winter,-525.0,-11.0,,
Iron Acton (SWe),881228,883101,0,IROA1_210,FEER1_MAIN2,,L2,Intermediate Cool,-395.8,-11.0,,
Iron Acton (SWe),881228,883101,0,IROA1_210,FEER1_MAIN2,,L2,Intermediate Warm,-395.8,-11.0,,
Iron Acton (SWe),881228,883101,0,IROA1_210,FEER1_MAIN2,,L2,Summer,-384.6,-11.0,,
Iron Acton (SWe),881234,883102,0,IROA1_410,FEER1_MAIN3,,L3,Winter,-525.0,-11.0,,
Iron Acton (SWe),881234,883102,0,IROA1_410,FEER1_MAIN3,,L3,Intermediate Cool,-395.8,-11.0,,
Iron Acton (SWe),881234,883102,0,IROA1_410,FEER1_MAIN3,,L3,Intermediate Warm,-395.8,-11.0,,
Iron Acton (SWe),881234,883102,0,IROA1_410,FEER1_MAIN3,,L3,Summer,-384.6,-11.0,,
Iron Acton (WM),167400,881240,0,CHIS1_MAIN1,IROA1_1205,,L1,Winter,-201.9,127.2,,
Iron Acton (WM),167400,881240,0,CHIS1_MAIN1,IROA1_1205,,L1,Intermediate Cool,-178.9,127.2,,
Iron Acton (WM),167400,881240,0,CHIS1_MAIN1,IROA1_1205,,L1,Intermediate Warm,-178.9,127.2,,
Iron Acton (WM),167400,881240,0,CHIS1_MAIN1,IROA1_1205,,L1,Summer,-142.6,127.2,,
Iron Acton (WM),167401,881242,0,CHIS1_MAIN2,IROA1_1405,,L1,Winter,-201.9,127.2,,
Iron Acton (WM),167401,881242,0,CHIS1_MAIN2,IROA1_1405,,L1,Intermediate Cool,-178.9,127.2,,
Iron Acton (WM),167401,881242,0,CHIS1_MAIN2,IROA1_1405,,L1,Intermediate Warm,-178.9,127.2,,
Iron Acton (WM),167401,881242,0,CHIS1_MAIN2,IROA1_1405,,L1,Summer,-142.6,127.2,,
Iron Acton (WM),881214,881253,0,IROA1_505,YXB36A,,L1,Winter,-201.9,127.2,,
Iron Acton (WM),881214,881253,0,IROA1_505,YXB36A,,L1,Intermediate Cool,-178.9,127.2,,
Iron Acton (WM),881214,881253,0,IROA1_505,YXB36A,,L1,Intermediate Warm,-178.9,127.2,,
Iron Acton (WM),881214,881253,0,IROA1_505,YXB36A,,L1,Summer,-142.6,127.2,,
Iron Acton (WM),881236,881254,0,IROA1_605,YXB36B,,L1,Winter,-201.9,127.2,,
Iron Acton (WM),881236,881254,0,IROA1_605,YXB36B,,L1,Intermediate Cool,-178.9,127.2,,
Iron Acton (WM),881236,881254,0,IROA1_605,YXB36B,,L1,Intermediate Warm,-178.9,127.2,,
Iron Acton (WM),881236,881254,0,IROA1_605,YXB36B,,L1,Summer,-142.6,127.2,,
Ironbridge and Shrewsbury,100000,147633,100005,IRON4_110,IRON1_SGT1,IRON81_G1,S1,Winter,-183.0,57.0,,
Ironbridge and Shrewsbury,100000,147633,100005,IRON4_110,IRON1_SGT1,IRON81_G1,S1,Intermediate Cool,-179.4,57.0,,
Ironbridge and Shrewsbury,100000,147633,100005,IRON4_110,IRON1_SGT1,IRON81_G1,S1,Intermediate Warm,-179.4,57.0,,
Ironbridge and Shrewsbury,100000,147633,100005,IRON4_110,IRON1_SGT1,IRON81_G1,S1,Summer,-136.5,57.0,,
Ironbridge and Shrewsbury,100001,147634,100006,IRON4_210,IRON1_SGT2,IRON81_G2,S2,Winter,-183.0,57.0,,
Ironbridge and Shrewsbury,100001,147634,100006,IRON4_210,IRON1_SGT2,IRON81_G2,S2,Intermediate Cool,-179.4,57.0,,
Ironbridge and Shrewsbury,100001,147634,100006,IRON4_210,IRON1_SGT2,IRON81_G2,S2,Intermediate Warm,-179.4,57.0,,
Ironbridge and Shrewsbury,100001,147634,100006,IRON4_210,IRON1_SGT2,IRON81_G2,S2,Summer,-136.5,57.0,,
Ironbridge and Shrewsbury,100002,147635,100007,IRON4_410,IRON1_SGT4,IRON81_G4,S4,Winter,-183.0,57.0,,
Ironbridge and Shrewsbury,100002,147635,100007,IRON4_410,IRON1_SGT4,IRON81_G4,S4,Intermediate Cool,-179.4,57.0,,
Ironbridge and Shrewsbury,100002,147635,100007,IRON4_410,IRON1_SGT4,IRON81_G4,S4,Intermediate Warm,-179.4,57.0,,
Ironbridge and Shrewsbury,100002,147635,100007,IRON4_410,IRON1_SGT4,IRON81_G4,S4,Summer,-136.5,57.0,,
Ironbridge and Shrewsbury,100100,149711,100101,SHRE4_#310,SHRE1_SGT3,SHRE81_G3,S3,Winter,-99.3,54.1,,
Ironbridge and Shrewsbury,100100,149711,100101,SHRE4_#310,SHRE1_SGT3,SHRE81_G3,S3,Intermediate Cool,-91.1,54.1,,
Ironbridge and Shrewsbury,100100,149711,100101,SHRE4_#310,SHRE1_SGT3,SHRE81_G3,S3,Intermediate Warm,-91.1,54.1,,
Ironbridge and Shrewsbury,100100,149711,100101,SHRE4_#310,SHRE1_SGT3,SHRE81_G3,S3,Summer,-69.3,54.1,,
Kitwell,211601,195615,211605,KITW2_H20,KITW1_#280,KITW81_G2,S2,Winter,-385.8,-41.4,,480.0
Kitwell,211601,195615,211605,KITW2_H20,KITW1_#280,KITW81_G2,S2,Intermediate Cool,-322.1,-41.4,,480.0
Kitwell,211601,195615,211605,KITW2_H20,KITW1_#280,KITW81_G2,S2,Intermediate Warm,-322.1,-41.4,,480.0
Kitwell,211601,195615,211605,KITW2_H20,KITW1_#280,KITW81_G2,S2,Summer,-279.6,-41.4,,480.0
Kitwell,211602,195621,211606,KITW2_H30,KITW1_#380,KITW81_G3,S3,Winter,-385.8,-41.4,,480.0
Kitwell,211602,195621,211606,KITW2_H30,KITW1_#380,KITW81_G3,S3,Intermediate Cool,-322.1,-41.4,,480.0
Kitwell,211602,195621,211606,KITW2_H30,KITW1_#380,KITW81_G3,S3,Intermediate Warm,-322.1,-41.4,,480.0
Kitwell,211602,195621,211606,KITW2_H30,KITW1_#380,KITW81_G3,S3,Summer,-279.6,-41.4,,480.0
Kitwell,211600,195625,211604,KITW2_H10,KITW1_#180,KITW81_G1,S1,Winter,-385.8,-41.4,,480.0
Kitwell,211600,195625,211604,KITW2_H10,KITW1_#180,KITW81_G1,S1,Intermediate Cool,-322.1,-41.4,,480.0
Kitwell,211600,195625,211604,KITW2_H10,KITW1_#180,KITW81_G1,S1,Intermediate Warm,-322.1,-41.4,,480.0
Kitwell,211600,195625,211604,KITW2_H10,KITW1_#180,KITW81_G1,S1,Summer,-279.6,-41.4,,480.0
Lea Marston (WM),171009,202005,0,COPH1_303,LEAM1_1305,,L1,Winter,-277.3,-63.2,,
Lea Marston (WM),171009,202005,0,COPH1_303,LEAM1_1305,,L1,Intermediate Cool,-258.0,-63.2,,
Lea Marston (WM),171009,202005,0,COPH1_303,LEAM1_1305,,L1,Intermediate Warm,-258.0,-63.2,,
Lea Marston (WM),171009,202005,0,COPH1_303,LEAM1_1305,,L1,Summer,-213.5,-63.2,,
Lea Marston (WM),101204,202011,0,BROF1_203,LEAM1_705,,L1,Winter,-277.3,-63.2,,
Lea Marston (WM),101204,202011,0,BROF1_203,LEAM1_705,,L1,Intermediate Cool,-258.0,-63.2,,
Lea Marston (WM),101204,202011,0,BROF1_203,LEAM1_705,,L1,Intermediate Warm,-258.0,-63.2,,
Lea Marston (WM),101204,202011,0,BROF1_203,LEAM1_705,,L1,Summer,-213.5,-63.2,,
Lea Marston (WM),199401,202023,0,SUTC1_MAIN2,LEAM1_605,,L1,Winter,-277.3,-63.2,,
Lea Marston (WM),199401,202023,0,SUTC1_MAIN2,LEAM1_605,,L1,Intermediate Cool,-258.0,-63.2,,
Lea Marston (WM),199401,202023,0,SUTC1_MAIN2,LEAM1_605,,L1,Intermediate Warm,-258.0,-63.2,,
Lea Marston (WM),199401,202023,0,SUTC1_MAIN2,LEAM1_605,,L1,Summer,-213.5,-63.2,,
Margam,95201,958803,0,MAGS61,MAGA2_H13,,S1,Winter,-99.2,69.1,,180.0
Margam,95201,958803,0,MAGS61,MAGA2_H13,,S1,Intermediate Cool,-105.4,69.1,,180.0
Margam,95201,958803,0,MAGS61,MAGA2_H13,,S1,Intermediate Warm,-105.4,69.1,,180.0
Margam,95201,958803,0,MAGS61,MAGA2_H13,,S1,Summer,-110.6,69.1,,180.0
Margam,95202,958805,0,MAGS62,MAGA2_H23,,S2,Winter,-99.2,69.1,,180.0
Margam,95202,958805,0,MAGS62,MAGA2_H23,,S2,Intermediate Cool,-105.4,69.1,,180.0
Margam,95202,958805,0,MAGS62,MAGA2_H23,,S2,Intermediate Warm,-105.4,69.1,,180.0
Margam,95202,958805,0,MAGS62,MAGA2_H23,,S2,Summer,-110.6,69.1,,180.0
Melksham,891122,893100,0,MELK1_110,BATH1_MAIN1,,L1,Winter,-70.6,-19.4,,
Melksham,891122,893100,0,MELK1_110,BATH1_MAIN1,,L1,Intermediate Cool,-56.1,-19.4,,
Melksham,891122,893100,0,MELK1_110,BATH1_MAIN1,,L1,Intermediate Warm,-56.1,-19.4,,
Melksham,891122,893100,0,MELK1_110,BATH1_MAIN1,,L1,Summer,-48.1,-19.4,,
Melksham,891112,893200,0,MELK1_510,BATH1_MAIN2,,L2,Winter,-70.6,-19.4,,
Melksham,891112,893200,0,MELK1_510,BATH1_MAIN2,,L2,Intermediate Cool,-56.1,-19.4,,
Melksham,891112,893200,0,MELK1_510,BATH1_MAIN2,,L2,Intermediate Warm,-56.1,-19.4,,
Melksham,891112,893200,0,MELK1_510,BATH1_MAIN2,,L2,Summer,-48.1,-19.4,,
Nechells East,211802,194817,211806,NECE2_#H30,NECE1_#380,NECE81_G3,S3,Winter,-332.7,6.9,,
Nechells East,211802,194817,211806,NECE2_#H30,NECE1_#380,NECE81_G3,S3,Intermediate Cool,-298.7,6.9,,
Nechells East,211802,194817,211806,NECE2_#H30,NECE1_#380,NECE81_G3,S3,Intermediate Warm,-298.7,6.9,,
Nechells East,211802,194817,211806,NECE2_#H30,NECE1_#380,NECE81_G3,S3,Summer,-265.7,6.9,,
Nechells East,211800,194819,211804,NECE2_#H10,NECE1_#180,NECE81_G1,S1,Winter,-332.7,6.9,,
Nechells East,211800,194819,211804,NECE2_#H10,NECE1_#180,NECE81_G1,S1,Intermediate Cool,-298.7,6.9,,
Nechells East,211800,194819,211804,NECE2_#H10,NECE1_#180,NECE81_G1,S1,Intermediate Warm,-298.7,6.9,,
Nechells East,211800,194819,211804,NECE2_#H10,NECE1_#180,NECE81_G1,S1,Summer,-265.7,6.9,,
Nechells East,211801,194835,211805,NECE2_#H20,NECE1_#280,NECE81_G2,S2,Winter,-332.7,6.9,,
Nechells East,211801,194835,211805,NECE2_#H20,NECE1_#280,NECE81_G2,S2,Intermediate Cool,-298.7,6.9,,
Nechells East,211801,194835,211805,NECE2_#H20,NECE1_#280,NECE81_G2,S2,Intermediate Warm,-298.7,6.9,,
Nechells East,211801,194835,211805,NECE2_#H20,NECE1_#280,NECE81_G2,S2,Summer,-265.7,6.9,,
Nechells East,211803,194837,211807,NECE2_#H40,NECE1_#480,NECE81_G4,S4,Winter,-332.7,6.9,,
Nechells East,211803,194837,211807,NECE2_#H40,NECE1_#480,NECE81_G4,S4,Intermediate Cool,-298.7,6.9,,
Nechells East,211803,194837,211807,NECE2_#H40,NECE1_#480,NECE81_G4,S4,Intermediate Warm,-298.7,6.9,,
Nechells East,211803,194837,211807,NECE2_#H40,NECE1_#480,NECE81_G4,S4,Summer,-265.7,6.9,,
Ocker Hill,161401,10290,10921,OCKH2_H20,OCKH1_SGT2,OCKH81_G2,S2,Winter,-101.9,10.8,,
Ocker Hill,161401,10290,10921,OCKH2_H20,OCKH1_SGT2,OCKH81_G2,S2,Intermediate Cool,-93.0,10.8,,
Ocker Hill,161401,10290,10921,OCKH2_H20,OCKH1_SGT2,OCKH81_G2,S2,Intermediate Warm,-93.0,10.8,,
Ocker Hill,161401,10290,10921,OCKH2_H20,OCKH1_SGT2,OCKH81_G2,S2,Summer,-78.2,10.8,,
Ocker Hill,161400,10300,10301,OCKH2_H10,OCKH1_SGT1,OCKH81_G1,S1,Winter,-101.9,10.8,,
Ocker Hill,161400,10300,10301,OCKH2_H10,OCKH1_SGT1,OCKH81_G1,S1,Intermediate Cool,-93.0,10.8,,
Ocker Hill,161400,10300,10301,OCKH2_H10,OCKH1_SGT1,OCKH81_G1,S1,Intermediate Warm,-93.0,10.8,,
Ocker Hill,161400,10300,10301,OCKH2_H10,OCKH1_SGT1,OCKH81_G1,S1,Summer,-78.2,10.8,,
Oldbury,100103,158302,100120,OLDB2_H10,OLDB1_SGT1,OLDB81_G1,S1,Winter,-84.4,44.8,,240.0
Oldbury,100103,158302,100120,OLDB2_H10,OLDB1_SGT1,OLDB81_G1,S1,Intermediate Cool,-77.8,44.8,,240.0
Oldbury,100103,158302,100120,OLDB2_H10,OLDB1_SGT1,OLDB81_G1,S1,Intermediate Warm,-77.8,44.8,,240.0
Oldbury,100103,158302,100120,OLDB2_H10,OLDB1_SGT1,OLDB81_G1,S1,Summer,-68.7,44.8,,240.0
Oldbury,100104,158303,100121,OLDB2_H20,OLDB1_SGT2,OLDB81_G2,S2,Winter,-84.4,44.8,,240.0
Oldbury,100104,158303,100121,OLDB2_H20,OLDB1_SGT2,OLDB81_G2,S2,Intermediate Cool,-77.8,44.8,,240.0
Oldbury,100104,158303,100121,OLDB2_H20,OLDB1_SGT2,OLDB81_G2,S2,Intermediate Warm,-77.8,44.8,,240.0
Oldbury,100104,158303,100121,OLDB2_H20,OLDB1_SGT2,OLDB81_G2,S2,Summer,-68.7,44.8,,240.0
Oldbury,260100,158326,100122,OLDB2_H40,OLDB1_SGT4,OLDB81_G4,S4,Winter,-84.4,44.8,,240.0
Oldbury,260100,158326,100122,OLDB2_H40,OLDB1_SGT4,OLDB81_G4,S4,Intermediate Cool,-77.8,44.8,,240.0
Oldbury,260100,158326,100122,OLDB2_H40,OLDB1_SGT4,OLDB81_G4,S4,Intermediate Warm,-77.8,44.8,,240.0
Oldbury,260100,158326,100122,OLDB2_H40,OLDB1_SGT4,OLDB81_G4,S4,Summer,-68.7,44.8,,240.0
Pembroke,950417,950321,95260,PEMB4_110,PEMB1_SGT1,PEMB8A,S1,Winter,-254.2,272.5,,
Pembroke,950417,950321,95260,PEMB4_110,PEMB1_SGT1,PEMB8A,S1,Intermediate Cool,-253.6,272.5,,
Pembroke,950417,950321,95260,PEMB4_110,PEMB1_SGT1,PEMB8A,S1,Intermediate Warm,-253.6,272.5,,
Pembroke,950417,950321,95260,PEMB4_110,PEMB1_SGT1,PEMB8A,S1,Summer,-219.4,272.5,,
Pembroke,950423,950322,95261,PEMB4_210,PEMB1_SGT2,PEMB8B,S2,Winter,-254.2,272.5,,
Pembroke,950423,950322,95261,PEMB4_210,PEMB1_SGT2,PEMB8B,S2,Intermediate Cool,-253.6,272.5,,
Pembroke,950423,950322,95261,PEMB4_210,PEMB1_SGT2,PEMB8B,S2,Intermediate Warm,-253.6,272.5,,
Pembroke,950423,950322,95261,PEMB4_210,PEMB1_SGT2,PEMB8B,S2,Summer,-219.4,272.5,,
Penn,105802,103342,105804,PENN2_#H10,PENN1_SGT1,PENN81_G1,S1,Winter,-416.1,126.9,,480.0
Penn,105802,103342,105804,PENN2_#H10,PENN1_SGT1,PENN81_G1,S1,Intermediate Cool,-396.3,126.9,,480.0
Penn,105802,103342,105804,PENN2_#H10,PENN1_SGT1,PENN81_G1,S1,Intermediate Warm,-396.3,126.9,,480.0
Penn,105802,103342,105804,PENN2_#H10,PENN1_SGT1,PENN81_G1,S1,Summer,-355.1,126.9,,480.0
Penn,105800,103343,105805,PENN2_#H20,PENN1_SGT2,PENN81_G2,S2,Winter,-416.1,126.9,,480.0
Penn,105800,103343,105805,PENN2_#H20,PENN1_SGT2,PENN81_G2,S2,Intermediate Cool,-396.3,126.9,,480.0
Penn,105800,103343,105805,PENN2_#H20,PENN1_SGT2,PENN81_G2,S2,Intermediate Warm,-396.3,126.9,,480.0
Penn,105800,103343,105805,PENN2_#H20,PENN1_SGT2,PENN81_G2,S2,Summer,-355.1,126.9,,480.0
Penn,105803,103344,105807,PENN2_#H40,PENN1_SGT4,PENN81_G4,S4,Winter,-416.1,126.9,,480.0
Penn,105803,103344,105807,PENN2_#H40,PENN1_SGT4,PENN81_G4,S4,Intermediate Cool,-396.3,126.9,,480.0
Penn,105803,103344,105807,PENN2_#H40,PENN1_SGT4,PENN81_G4,S4,Intermediate Warm,-396.3,126.9,,480.0
Penn,105803,103344,105807,PENN2_#H40,PENN1_SGT4,PENN81_G4,S4,Summer,-355.1,126.9,,480.0
Penn,105801,103345,105806,PENN2_#H50,PENN1_SGT5,PENN81_G5,S5,Winter,-416.1,126.9,,480.0
Penn,105801,103345,105806,PENN2_#H50,PENN1_SGT5,PENN81_G5,S5,Intermediate Cool,-396.3,126.9,,480.0
Penn,105801,103345,105806,PENN2_#H50,PENN1_SGT5,PENN81_G5,S5,Intermediate Warm,-396.3,126.9,,480.0
Penn,105801,103345,105806,PENN2_#H50,PENN1_SGT5,PENN81_G5,S5,Summer,-355.1,126.9,,480.0
Portham,209700,190437,209704,WALH4_110,PORH1_SGT1,WALH81_G1,S1,Winter,-374.2,502.6,,720.0
Portham,209700,190437,209704,WALH4_110,PORH1_SGT1,WALH81_G1,S1,Intermediate Cool,-351.6,502.6,,720.0
Portham,209700,190437,209704,WALH4_110,PORH1_SGT1,WALH81_G1,S1,Intermediate Warm,-351.6,502.6,,720.0
Portham,209700,190437,209704,WALH4_110,PORH1_SGT1,WALH81_G1,S1,Summer,-330.0,502.6,,720.0
Portham,209701,190438,209705,WALH4_210,PORH1_SGT2,WALH81_G2,S2,Winter,-374.2,502.6,,720.0
Portham,209701,190438,209705,WALH4_210,PORH1_SGT2,WALH81_G2,S2,Intermediate Cool,-351.6,502.6,,720.0
Portham,209701,190438,209705,WALH4_210,PORH1_SGT2,WALH81_G2,S2,Intermediate Warm,-351.6,502.6,,720.0
Portham,209701,190438,209705,WALH4_210,PORH1_SGT2,WALH81_G2,S2,Summer,-330.0,502.6,,720.0
Portham,209702,190439,209706,WALH4_310,PORH1_SGT3,WALH81_G3,S3,Winter,-374.2,502.6,,720.0
Portham,209702,190439,209706,WALH4_310,PORH1_SGT3,WALH81_G3,S3,Intermediate Cool,-351.6,502.6,,720.0
Portham,209702,190439,209706,WALH4_310,PORH1_SGT3,WALH81_G3,S3,Intermediate Warm,-351.6,502.6,,720.0
Portham,209702,190439,209706,WALH4_310,PORH1_SGT3,WALH81_G3,S3,Summer,-330.0,502.6,,720.0
Portham,209703,190440,0,WALH4_410,PORH1_SGT4,,S4,Winter,-374.2,502.6,,720.0
Portham,209703,190440,0,WALH4_410,PORH1_SGT4,,S4,Intermediate Cool,-351.6,502.6,,720.0
Portham,209703,190440,0,WALH4_410,PORH1_SGT4,,S4,Intermediate Warm,-351.6,502.6,,720.0
Portham,209703,190440,0,WALH4_410,PORH1_SGT4,,S4,Summer,-330.0,502.6,,720.0
Pyle,952804,952808,95320,PYLE2_H13,PYLE1_#180,PYLE8A,S1,Winter,-100.8,181.0,,185.0
Pyle,952804,952808,95320,PYLE2_H13,PYLE1_#180,PYLE8A,S1,Intermediate Cool,-69.6,181.0,,185.0
Pyle,952804,952808,95320,PYLE2_H13,PYLE1_#180,PYLE8A,S1,Intermediate Warm,-69.6,181.0,,185.0
Pyle,952804,952808,95320,PYLE2_H13,PYLE1_#180,PYLE8A,S1,Summer,-73.4,181.0,,185.0
Pyle,952806,952809,95321,PYLE2_H23,PYLE1_#280,PYLE8B,S2,Winter,-100.8,181.0,,185.0
Pyle,952806,952809,95321,PYLE2_H23,PYLE1_#280,PYLE8B,S2,Intermediate Cool,-69.6,181.0,,185.0
Pyle,952806,952809,95321,PYLE2_H23,PYLE1_#280,PYLE8B,S2,Intermediate Warm,-69.6,181.0,,185.0
Pyle,952806,952809,95321,PYLE2_H23,PYLE1_#280,PYLE8B,S2,Summer,-73.4,181.0,,185.0
Rassau,950804,950812,0,RASS4_113,RASS1_SGT1,,S1,Winter,-156.5,173.9,,240.0
Rassau,950804,950812,0,RASS4_113,RASS1_SGT1,,S1,Intermediate Cool,-152.0,173.9,,240.0
Rassau,950804,950812,0,RASS4_113,RASS1_SGT1,,S1,Intermediate Warm,-152.0,173.9,,240.0
Rassau,950804,950812,0,RASS4_113,RASS1_SGT1,,S1,Summer,-130.5,173.9,,240.0
Rassau,950810,950813,0,RASS4_213,RASS1_SGT2,,S2,Winter,-156.5,173.9,,240.0
Rassau,950810,950813,0,RASS4_213,RASS1_SGT2,,S2,Intermediate Cool,-152.0,173.9,,240.0
Rassau,950810,950813,0,RASS4_213,RASS1_SGT2,,S2,Intermediate Warm,-152.0,173.9,,240.0
Rassau,950810,950813,0,RASS4_213,RASS1_SGT2,,S2,Summer,-130.5,173.9,,240.0
Ratcliffe,398400,398309,37220,RATS4_110,RATS1_#180,RATS8G1,S1,Winter,-387.4,33.6,,
Ratcliffe,398400,398309,37220,RATS4_110,RATS1_#180,RATS8G1,S1,Intermediate Cool,-273.9,33.6,,
Ratcliffe,398400,398309,37220,RATS4_110,RATS1_#180,RATS8G1,S1,Intermediate Warm,-273.9,33.6,,
Ratcliffe,398400,398309,37220,RATS4_110,RATS1_#180,RATS8G1,S1,Summer,-294.4,33.6,,
Ratcliffe,398401,398337,37222,RATS4_310,RATS1_#380,RATS8G3,S3,Winter,-387.4,33.6,,
Ratcliffe,398401,398337,37222,RATS4_310,RATS1_#380,RATS8G3,S3,Intermediate Cool,-273.9,33.6,,
Ratcliffe,398401,398337,37222,RATS4_310,RATS1_#380,RATS8G3,S3,Intermediate Warm,-273.9,33.6,,
Ratcliffe,398401,398337,37222,RATS4_310,RATS1_#380,RATS8G3,S3,Summer,-294.4,33.6,,
Ratcliffe,398402,398339,37223,RATS4_410,RATS1_#480,RATS8G4,S4,Winter,-387.4,33.6,,
Ratcliffe,398402,398339,37223,RATS4_410,RATS1_#480,RATS8G4,S4,Intermediate Cool,-273.9,33.6,,
Ratcliffe,398402,398339,37223,RATS4_410,RATS1_#480,RATS8G4,S4,Intermediate Warm,-273.9,33.6,,
Ratcliffe,398402,398339,37223,RATS4_410,RATS1_#480,RATS8G4,S4,Summer,-294.4,33.6,,
Ratcliffe,398403,398307,37221,RATS4_610,RATS1_#680,RATS8G6,S6,Winter,-387.4,33.6,,
Ratcliffe,398403,398307,37221,RATS4_610,RATS1_#680,RATS8G6,S6,Intermediate Cool,-273.9,33.6,,
Ratcliffe,398403,398307,37221,RATS4_610,RATS1_#680,RATS8G6,S6,Intermediate Warm,-273.9,33.6,,
Ratcliffe,398403,398307,37221,RATS4_610,RATS1_#680,RATS8G6,S6,Summer,-294.4,33.6,,
Rugeley,12493,211000,0,RUGE1_SGT1,RUGE4_110,,S1,Winter,,,,460.0
Rugeley,12493,211000,0,RUGE1_SGT1,RUGE4_110,,S1,Intermediate Cool,,,,460.0
Rugeley,12493,211000,0,RUGE1_SGT1,RUGE4_110,,S1,Intermediate Warm,,,,460.0
Rugeley,12493,211000,0,RUGE1_SGT1,RUGE4_110,,S1,Summer,,,,460.0
Rugeley,12494,211001,0,RUGE1_SGT2,RUGE4_210,,S2,Winter,,,,460.0
Rugeley,12494,211001,0,RUGE1_SGT2,RUGE4_210,,S2,Intermediate Cool,,,,460.0
Rugeley,12494,211001,0,RUGE1_SGT2,RUGE4_210,,S2,Intermediate Warm,,,,460.0
Rugeley,12494,211001,0,RUGE1_SGT2,RUGE4_210,,S2,Summer,,,,460.0
Sandford,971808,970302,970290,SAFO4_#110,SAFO1_180,SAFO8A,S1,Winter,-111.6,14.4,,
Sandford,971808,970302,970290,SAFO4_#110,SAFO1_180,SAFO8A,S1,Intermediate Cool,-92.7,14.4,,
Sandford,971808,970302,970290,SAFO4_#110,SAFO1_180,SAFO8A,S1,Intermediate Warm,-92.7,14.4,,
Sandford,971808,970302,970290,SAFO4_#110,SAFO1_180,SAFO8A,S1,Summer,-72.0,14.4,,
Sandford,971809,970304,970291,SAFO4_#210,SAFO1_280,SAFO8B,S2,Winter,-111.6,14.4,,
Sandford,971809,970304,970291,SAFO4_#210,SAFO1_280,SAFO8B,S2,Intermediate Cool,-92.7,14.4,,
Sandford,971809,970304,970291,SAFO4_#210,SAFO1_280,SAFO8B,S2,Intermediate Warm,-92.7,14.4,,
Sandford,971809,970304,970291,SAFO4_#210,SAFO1_280,SAFO8B,S2,Summer,-72.0,14.4,,
Staythorpe,490411,490700,0,STAY1_#180,STAY4_110,,S1,Winter,-208.3,578.2,,240.0
Staythorpe,490411,490700,0,STAY1_#180,STAY4_110,,S1,Intermediate Cool,-185.0,578.2,,240.0
Staythorpe,490411,490700,0,STAY1_#180,STAY4_110,,S1,Intermediate Warm,-185.0,578.2,,240.0
Staythorpe,490411,490700,0,STAY1_#180,STAY4_110,,S1,Summer,-95.9,578.2,,240.0
Staythorpe,490701,490407,43231,STAY4_210,STAY1_#280,STAY8G2,S2,Winter,-208.3,578.2,,240.0
Staythorpe,490701,490407,43231,STAY4_210,STAY1_#280,STAY8G2,S2,Intermediate Cool,-185.0,578.2,,240.0
Staythorpe,490701,490407,43231,STAY4_210,STAY1_#280,STAY8G2,S2,Intermediate Warm,-185.0,578.2,,240.0
Staythorpe,490701,490407,43231,STAY4_210,STAY1_#280,STAY8G2,S2,Summer,-95.9,578.2,,240.0
Stoke Bardolph,398200,393110,393115,STOB4_310,STOB1_#380,STOB81_G3,S3,Winter,-103.6,0.7,,240.0
Stoke Bardolph,398200,393110,393115,STOB4_310,STOB1_#380,STOB81_G3,S3,Intermediate Cool,-112.4,0.7,,240.0
Stoke Bardolph,398200,393110,393115,STOB4_310,STOB1_#380,STOB81_G3,S3,Intermediate Warm,-112.4,0.7,,240.0
Stoke Bardolph,398200,393110,393115,STOB4_310,STOB1_#380,STOB81_G3,S3,Summer,-97.0,0.7,,240.0
Stoke Bardolph,398201,393106,393114,STOB4_110,STOB1_#180,STOB81_G1,S1,Winter,-103.6,0.7,,240.0
Stoke Bardolph,398201,393106,393114,STOB4_110,STOB1_#180,STOB81_G1,S1,Intermediate Cool,-112.4,0.7,,240.0
Stoke Bardolph,398201,393106,393114,STOB4_110,STOB1_#180,STOB81_G1,S1,Intermediate Warm,-112.4,0.7,,240.0
Stoke Bardolph,398201,393106,393114,STOB4_110,STOB1_#180,STOB81_G1,S1,Summer,-97.0,0.7,,240.0
Swansea North,954409,954722,95485,SWAN4_710,SWAN1_SGT7,SWAN8F,S7,Winter,-380.5,515.6,,660.0
Swansea North,954409,954722,95485,SWAN4_710,SWAN1_SGT7,SWAN8F,S7,Intermediate Cool,-341.1,515.6,,660.0
Swansea North,954409,954722,95485,SWAN4_710,SWAN1_SGT7,SWAN8F,S7,Intermediate Warm,-341.1,515.6,,660.0
Swansea North,954409,954722,95485,SWAN4_710,SWAN1_SGT7,SWAN8F,S7,Summer,-372.1,515.6,,660.0
Swansea North,954417,954717,95484,SWAN4_610,SWAN1_SGT6,SWAN8E,S6,Winter,-380.5,515.6,,660.0
Swansea North,954417,954717,95484,SWAN4_610,SWAN1_SGT6,SWAN8E,S6,Intermediate Cool,-341.1,515.6,,660.0
Swansea North,954417,954717,95484,SWAN4_610,SWAN1_SGT6,SWAN8E,S6,Intermediate Warm,-341.1,515.6,,660.0
Swansea North,954417,954717,95484,SWAN4_610,SWAN1_SGT6,SWAN8E,S6,Summer,-372.1,515.6,,660.0
Swansea North,954428,954712,95483,SWAN4_SGT5,SWAN1_SGT5,SWAN8D,S5,Winter,-380.5,515.6,,660.0
Swansea North,954428,954712,95483,SWAN4_SGT5,SWAN1_SGT5,SWAN8D,S5,Intermediate Cool,-341.1,515.6,,660.0
Swansea North,954428,954712,95483,SWAN4_SGT5,SWAN1_SGT5,SWAN8D,S5,Intermediate Warm,-341.1,515.6,,660.0
Swansea North,954428,954712,95483,SWAN4_SGT5,SWAN1_SGT5,SWAN8D,S5,Summer,-372.1,515.6,,660.0
Swansea North,954605,954705,95481,SWAN2_H43B,SWAN1_SGT4B,SWAN8B,4B,Winter,-380.5,515.6,,660.0
Swansea North,954605,954705,95481,SWAN2_H43B,SWAN1_SGT4B,SWAN8B,4B,Intermediate Cool,-341.1,515.6,,660.0
Swansea North,954605,954705,95481,SWAN2_H43B,SWAN1_SGT4B,SWAN8B,4B,Intermediate Warm,-341.1,515.6,,660.0
Swansea North,954605,954705,95481,SWAN2_H43B,SWAN1_SGT4B,SWAN8B,4B,Summer,-372.1,515.6,,660.0
Upper Boat,950209,950218,95620,UPPB2_H13,UPPB1_SGT1,UPPB8A,S1,Winter,-201.6,101.2,,240.0
Upper Boat,950209,950218,95620,UPPB2_H13,UPPB1_SGT1,UPPB8A,S1,Intermediate Cool,-139.2,101.2,,240.0
Upper Boat,950209,950218,95620,UPPB2_H13,UPPB1_SGT1,UPPB8A,S1,Intermediate Warm,-139.2,101.2,,240.0
Upper Boat,950209,950218,95620,UPPB2_H13,UPPB1_SGT1,UPPB8A,S1,Summer,-148.0,101.2,,240.0
Upper Boat,950211,950219,95621,UPPB2_H43,UPPB1_SGT4,UPPB8B,S4,Winter,-201.6,101.2,,240.0
Upper Boat,950211,950219,95621,UPPB2_H43,UPPB1_SGT4,UPPB8B,S4,Intermediate Cool,-139.2,101.2,,240.0
Upper Boat,950211,950219,95621,UPPB2_H43,UPPB1_SGT4,UPPB8B,S4,Intermediate Warm,-139.2,101.2,,240.0
Upper Boat,950211,950219,95621,UPPB2_H43,UPPB1_SGT4,UPPB8B,S4,Summer,-148.0,101.2,,240.0
Upper Boat,950212,950214,0,UPPB2_SGT2,UPPB3_SGT2,,S2,Winter,-80.2,94.1,,100.0
Upper Boat,950212,950214,0,UPPB2_SGT2,UPPB3_SGT2,,S2,Intermediate Cool,-57.7,94.1,,100.0
Upper Boat,950212,950214,0,UPPB2_SGT2,UPPB3_SGT2,,S2,Intermediate Warm,-57.7,94.1,,100.0
Upper Boat,950212,950214,0,UPPB2_SGT2,UPPB3_SGT2,,S2,Summer,-41.9,94.1,,100.0
Upper Boat,950213,950215,0,UPPB2_SGT3,UPPB3_SGT3,,S3,Winter,-80.2,94.1,,100.0
Upper Boat,950213,950215,0,UPPB2_SGT3,UPPB3_SGT3,,S3,Intermediate Cool,-57.7,94.1,,100.0
Upper Boat,950213,950215,0,UPPB2_SGT3,UPPB3_SGT3,,S3,Intermediate Warm,-57.7,94.1,,100.0
Upper Boat,950213,950215,0,UPPB2_SGT3,UPPB3_SGT3,,S3,Summer,-41.9,94.1,,100.0
Uskmouth,950623,950529,95720,USKM2_SGT1,USKM1_SGT1,USKM8A,S1,Winter,-240.5,192.3,,
Uskmouth,950623,950529,95720,USKM2_SGT1,USKM1_SGT1,USKM8A,S1,Intermediate Cool,-196.7,192.3,,
Uskmouth,950623,950529,95720,USKM2_SGT1,USKM1_SGT1,USKM8A,S1,Intermediate Warm,-196.7,192.3,,
Uskmouth,950623,950529,95720,USKM2_SGT1,USKM1_SGT1,USKM8A,S1,Summer,-188.7,192.3,,
Uskmouth,950624,950531,95721,USKM2_H23A,USKM1_SGT2A,USKM8B,2A,Winter,-240.5,192.3,,
Uskmouth,950624,950531,95721,USKM2_H23A,USKM1_SGT2A,USKM8B,2A,Intermediate Cool,-196.7,192.3,,
Uskmouth,950624,950531,95721,USKM2_H23A,USKM1_SGT2A,USKM8B,2A,Intermediate Warm,-196.7,192.3,,
Uskmouth,950624,950531,95721,USKM2_H23A,USKM1_SGT2A,USKM8B,2A,Summer,-188.7,192.3,,
Uskmouth,950628,950532,95722,USKM2_H43A,USKM1_SGT4A,USKM8C,4A,Winter,-240.5,192.3,,
Uskmouth,950628,950532,95722,USKM2_H43A,USKM1_SGT4A,USKM8C,4A,Intermediate Cool,-196.7,192.3,,
Uskmouth,950628,950532,95722,USKM2_H43A,USKM1_SGT4A,USKM8C,4A,Intermediate Warm,-196.7,192.3,,
Uskmouth,950628,950532,95722,USKM2_H43A,USKM1_SGT4A,USKM8C,4A,Summer,-188.7,192.3,,
Walpole,490601,490528,44101,WALP4_210,WALP1_280,WALP8G2,S2,Winter,-205.7,73.4,,
Walpole,490601,490528,44101,WALP4_210,WALP1_280,WALP8G2,S2,Intermediate Cool,-153.5,73.4,,
Walpole,490601,490528,44101,WALP4_210,WALP1_280,WALP8G2,S2,Intermediate Warm,-153.5,73.4,,
Walpole,490601,490528,44101,WALP4_210,WALP1_280,WALP8G2,S2,Summer,-157.7,73.4,,
Walpole,490603,490512,44104,WALP4_410,WALP1_480,WALP8G4,S4,Winter,-205.7,73.4,,
Walpole,490603,490512,44104,WALP4_410,WALP1_480,WALP8G4,S4,Intermediate Cool,-153.5,73.4,,
Walpole,490603,490512,44104,WALP4_410,WALP1_480,WALP8G4,S4,Intermediate Warm,-153.5,73.4,,
Walpole,490603,490512,44104,WALP4_410,WALP1_480,WALP8G4,S4,Summer,-157.7,73.4,,
Walpole,490604,490538,44103,WALP4_510,WALP1_580,WALP8G5,S5,Winter,-205.7,73.4,,
Walpole,490604,490538,44103,WALP4_510,WALP1_580,WALP8G5,S5,Intermediate Cool,-153.5,73.4,,
Walpole,490604,490538,44103,WALP4_510,WALP1_580,WALP8G5,S5,Intermediate Warm,-153.5,73.4,,
Walpole,490604,490538,44103,WALP4_510,WALP1_580,WALP8G5,S5,Summer,-157.7,73.4,,
West Burton,491000,490922,42201,WBUR4_110,WBUR1_#180,WBUR8G1,S1,Winter,-207.3,110.7,,480.0
West Burton,491000,490922,42201,WBUR4_110,WBUR1_#180,WBUR8G1,S1,Intermediate Cool,-180.2,110.7,,480.0
West Burton,491000,490922,42201,WBUR4_110,WBUR1_#180,WBUR8G1,S1,Intermediate Warm,-180.2,110.7,,480.0
West Burton,491000,490922,42201,WBUR4_110,WBUR1_#180,WBUR8G1,S1,Summer,-125.5,110.7,,480.0
West Burton,491001,490926,42200,WBUR4_210,WBUR1_#280,WBUR8G2,S2,Winter,-207.3,110.7,,480.0
West Burton,491001,490926,42200,WBUR4_210,WBUR1_#280,WBUR8G2,S2,Intermediate Cool,-180.2,110.7,,480.0
West Burton,491001,490926,42200,WBUR4_210,WBUR1_#280,WBUR8G2,S2,Intermediate Warm,-180.2,110.7,,480.0
West Burton,491001,490926,42200,WBUR4_210,WBUR1_#280,WBUR8G2,S2,Summer,-125.5,110.7,,480.0
West Burton,491002,490920,42203,WBUR4_310,WBUR1_380,WBUR8G3,S3,Winter,-207.3,110.7,,480.0
West Burton,491002,490920,42203,WBUR4_310,WBUR1_380,WBUR8G3,S3,Intermediate Cool,-180.2,110.7,,480.0
West Burton,491002,490920,42203,WBUR4_310,WBUR1_380,WBUR8G3,S3,Intermediate Warm,-180.2,110.7,,480.0
West Burton,491002,490920,42203,WBUR4_310,WBUR1_380,WBUR8G3,S3,Summer,-125.5,110.7,,480.0
Willenhall,211501,12327,211503,WIEN2_H20,WIEN1_SGT2,WIEN81_G2,S2,Winter,-113.2,-18.9,,240.0
Willenhall,211501,12327,211503,WIEN2_H20,WIEN1_SGT2,WIEN81_G2,S2,Intermediate Cool,-101.8,-18.9,,240.0
Willenhall,211501,12327,211503,WIEN2_H20,WIEN1_SGT2,WIEN81_G2,S2,Intermediate Warm,-101.8,-18.9,,240.0
Willenhall,211501,12327,211503,WIEN2_H20,WIEN1_SGT2,WIEN81_G2,S2,Summer,-93.7,-18.9,,240.0
Willenhall,211500,12328,211502,WIEN2_H10,WIEN1_SGT1,WIEN81_G1,S1,Winter,-113.2,-18.9,,240.0
Willenhall,211500,12328,211502,WIEN2_H10,WIEN1_SGT1,WIEN81_G1,S1,Intermediate Cool,-101.8,-18.9,,240.0
Willenhall,211500,12328,211502,WIEN2_H10,WIEN1_SGT1,WIEN81_G1,S1,Intermediate Warm,-101.8,-18.9,,240.0
Willenhall,211500,12328,211502,WIEN2_H10,WIEN1_SGT1,WIEN81_G1,S1,Summer,-93.7,-18.9,,240.0
Willington,496700,445931,44742,WILL4_#610,WILL1_#680,WILL8G6,S6,Winter,0.0,0.0,,
Willington,496700,445931,44742,WILL4_#610,WILL1_#680,WILL8G6,S6,Intermediate Cool,0.0,0.0,,
Willington,496700,445931,44742,WILL4_#610,WILL1_#680,WILL8G6,S6,Intermediate Warm,0.0,0.0,,
Willington,496700,445931,44742,WILL4_#610,WILL1_#680,WILL8G6,S6,Summer,0.0,0.0,,
Willington,496701,445909,44740,WILL4_#110,WILL1_#180,WILL8G1,S1,Winter,0.0,0.0,,
Willington,496701,445909,44740,WILL4_#110,WILL1_#180,WILL8G1,S1,Intermediate Cool,0.0,0.0,,
Willington,496701,445909,44740,WILL4_#110,WILL1_#180,WILL8G1,S1,Intermediate Warm,0.0,0.0,,
Willington,496701,445909,44740,WILL4_#110,WILL1_#180,WILL8G1,S1,Summer,0.0,0.0,,
Willington,496702,445907,44743,WILL4_#710,WILL1_#780,WILL8G7,S7,Winter,0.0,0.0,,
Willington,496702,445907,44743,WILL4_#710,WILL1_#780,WILL8G7,S7,Intermediate Cool,0.0,0.0,,
Willington,496702,445907,44743,WILL4_#710,WILL1_#780,WILL8G7,S7,Intermediate Warm,0.0,0.0,,
Willington,496702,445907,44743,WILL4_#710,WILL1_#780,WILL8G7,S7,Summer,0.0,0.0,,
Willington,496703,445933,44744,WILL4_#210,WILL1_#280,WILL8G2,S2,Winter,0.0,0.0,,
Willington,496703,445933,44744,WILL4_#210,WILL1_#280,WILL8G2,S2,Intermediate Cool,0.0,0.0,,
Willington,496703,445933,44744,WILL4_#210,WILL1_#280,WILL8G2,S2,Intermediate Warm,0.0,0.0,,
Willington,496703,445933,44744,WILL4_#210,WILL1_#280,WILL8G2,S2,Summer,0.0,0.0,,
