Grid Supply Point,Substation,Utilisation (MVA) 2013,Firm Capacity (MVA) 2013,Available Capacity (MVA) 2013,Utilisation (MVA) 2014,Firm Capacity (MVA) 2014,Available Capacity (MVA) 2014,Utilisation (MVA) 2015,Firm Capacity (MVA) 2015,Available Capacity (MVA) 2015,Utilisation (MVA) 2016,Firm Capacity (MVA) 2016,Available Capacity (MVA) 2016,Utilisation (MVA) 2017,Firm Capacity (MVA) 2017,Available Capacity (MVA) 2017,Utilisation (MVA) 2018,Firm Capacity (MVA) 2018,Available Capacity (MVA) 2018,Utilisation (MVA) 2019,Firm Capacity (MVA) 2019,Available Capacity (MVA) 2019,Utilisation (MVA) 2020,Firm Capacity (MVA) 2020,Available Capacity (MVA) 2020,Utilisation (MVA) 2021,Firm Capacity (MVA) 2021,Available Capacity (MVA) 2021,Utilisation (MVA) 2022,Firm Capacity (MVA) 2022,Available Capacity (MVA) 2022,Utilisation (MVA) 2023,Firm Capacity (MVA) 2023,Available Capacity (MVA) 2023,Utilisation (MVA) 2024,Firm Capacity (MVA) 2024,Available Capacity (MVA) 2024
Ayr,Heathfield,25.2,21.0,-4.2,26.89,21.0,-5.89,15.85,21.0,5.15,10.5,21.0,10.5,10.19,21.0,10.81,10.64,21.0,10.36,10.8,21.0,10.2,9.85,21.0,11.15,10.28,21.0,10.72,8.76,21.0,12.24,9.47,21.0,11.53,8.49,21.0,12.51
Bainsford,Carron Iron,13.16,24.0,10.84,12.95,24.0,11.05,13.94,24.0,10.06,11.62,24.0,12.38,12.38,24.0,11.62,11.32,24.0,12.68,10.04,24.0,13.96,8.83,24.0,15.17,8.58,24.0,15.42,10.12,24.0,13.88,9.08,24.0,14.92,8.16,24.0,15.84
Bainsford,Earls Road,10.8,23.0,12.2,11.98,23.0,11.02,13.03,23.0,9.97,11.46,23.0,11.54,11.5,23.0,11.5,11.44,23.0,11.56,10.62,23.0,12.38,10.01,23.0,12.99,10.51,23.0,12.49,10.18,23.0,12.82,10.54,23.0,12.46,9.97,23.0,13.03
Berwick,Eyemouth,4.1,10.0,5.9,4.54,10.0,5.46,3.96,10.0,6.04,4.3,10.0,5.7,3.83,10.0,6.17,3.83,10.0,6.17,3.77,10.0,6.23,3.95,10.0,6.05,3.68,10.0,6.32,3.82,10.0,6.18,4.19,10.0,5.81,4.04,10.0,5.96
Berwick,Loaning,15.19,10.0,-5.19,13.29,10.0,-3.29,8.97,10.0,1.03,12.39,10.0,-2.39,12.31,10.0,-2.31,12.65,10.0,-2.65,12.96,24.0,11.04,12.65,24.0,11.35,11.5,24.0,12.5,12.43,24.0,11.57,11.95,24.0,12.05,12.17,24.0,11.83
Berwick,Norham,1.44,2.5,1.06,1.47,2.5,1.03,1.41,2.5,1.09,1.38,2.5,1.12,1.36,2.5,1.14,1.37,2.5,1.13,1.27,2.5,1.23,1.38,2.5,1.12,1.41,2.5,1.09,1.52,2.5,0.98,1.37,2.5,1.13,1.33,2.5,1.17
Berwick,North Road,8.9,10.0,1.1,8.31,10.0,1.69,8.35,10.0,1.65,7.78,10.0,2.22,7.61,10.0,2.39,6.87,10.0,3.13,7.0,10.0,3.0,7.0,10.0,3.0,6.32,10.0,3.68,6.63,10.0,3.37,7.19,10.0,2.81,6.66,10.0,3.34
Bonnybridge,Camelon,9.31,24.0,14.69,8.36,24.0,15.64,8.73,24.0,15.27,8.05,24.0,15.95,8.12,24.0,15.88,8.35,24.0,15.65,7.56,24.0,16.44,7.31,24.0,16.69,7.96,24.0,16.04,7.07,24.0,16.93,7.01,18.86,11.85,7.54,18.86,11.32
Bonnybridge,Larbert,17.84,24.0,6.16,16.05,24.0,7.95,15.63,24.0,8.37,15.71,24.0,8.29,16.25,24.0,7.75,17.2,24.0,6.8,15.96,21.0,5.04,15.21,21.0,5.79,16.76,21.0,4.24,14.74,21.0,6.26,16.08,16.29,0.21,14.75,16.29,1.54
Braehead Park,Kings Inch Road,2.84,40.0,37.16,1.07,40.0,38.93,3.04,40.0,36.96,3.2,40.0,36.8,12.97,40.0,27.03,12.35,40.0,27.65,10.67,40.0,29.33,9.65,40.0,30.35,8.91,40.0,31.09,8.81,40.0,31.19,11.54,40.0,28.46,11.05,40.0,28.95
Broxburn,Cameron,17.77,23.0,5.23,17.59,23.0,5.41,16.16,23.0,6.84,15.75,23.0,7.25,16.81,23.0,6.19,16.11,23.0,6.89,17.15,23.0,5.85,14.46,23.0,8.54,14.49,23.0,8.51,14.44,23.0,8.56,15.14,23.0,7.86,14.35,23.0,8.65
Chapelcross,Langholm,5.82,24.0,18.18,6.68,24.0,17.32,6.49,24.0,17.51,5.62,24.0,18.38,9.58,24.0,14.42,6.35,24.0,17.65,4.63,24.0,19.37,6.95,24.0,17.05,3.02,24.0,20.98,3.4,24.0,20.6,3.75,24.0,20.25,3.82,24.0,20.18
Chapelcross,Lockerbie,9.69,24.0,14.31,11.03,24.0,12.97,16.35,24.0,7.65,15.79,24.0,8.21,15.72,16.0,0.28,14.65,16.0,1.35,15.37,24.0,8.63,15.31,24.0,8.69,15.76,24.0,8.24,12.48,24.0,11.52,10.01,20.86,10.85,10.75,20.86,10.11
Chapelcross,Moffat,4.81,5.0,0.19,4.02,5.0,0.98,4.13,5.0,0.87,3.77,5.0,1.23,4.23,5.0,0.77,4.28,5.0,0.72,3.89,7.5,3.61,3.98,7.5,3.52,4.24,7.5,3.26,3.89,7.5,3.61,4.08,7.5,3.42,3.86,7.5,3.64
Chapelcross,Newcastleton,1.01,5.0,3.99,0.96,5.0,4.04,0.92,5.0,4.08,0.95,5.0,4.05,0.92,5.0,4.08,1.09,5.0,3.91,0.96,5.0,4.04,1.09,5.0,3.91,1.27,5.0,3.73,1.03,5.0,3.97,0.99,5.0,4.01,0.94,5.0,4.06
Charlotte Street,David Street,,,,,,,,,,,,,,,,,,,,,,11.2,21.0,9.8,9.48,21.0,11.52,9.76,21.0,11.24,10.92,21.0,10.08,11.03,21.0,9.97
Charlotte Street,Rottenrow,16.68,24.0,7.32,18.96,24.0,5.04,19.0,24.0,5.0,20.06,24.0,3.94,19.16,24.0,4.84,19.53,24.0,4.47,18.82,24.0,5.18,16.14,24.0,7.86,16.14,24.0,7.86,11.7,24.0,12.3,15.59,24.0,8.41,15.78,24.0,8.22
Coatbridge,Dundyvan,13.23,21.0,7.77,13.55,21.0,7.45,13.0,21.0,8.0,13.59,21.0,7.41,14.87,21.0,6.13,12.45,21.0,8.55,11.72,21.0,9.28,12.16,21.0,8.84,12.25,21.0,8.75,11.92,21.0,9.08,12.84,21.0,8.16,12.57,21.0,8.43
Coatbridge,Woodside,9.85,24.0,14.15,8.11,24.0,15.89,6.88,24.0,17.12,6.73,24.0,17.27,6.95,21.0,14.05,6.35,21.0,14.65,5.88,24.0,18.12,5.9,24.0,18.1,5.94,24.0,18.06,5.73,24.0,18.27,5.97,21.0,15.03,5.9,21.0,15.1
Cockenzie,Pencaitland,6.58,7.5,0.92,5.58,7.5,1.92,5.67,7.5,1.83,5.56,7.5,1.94,5.39,7.5,2.11,5.53,7.5,1.97,5.43,24.0,18.57,5.38,24.0,18.62,5.97,24.0,18.03,5.74,24.0,18.26,5.63,17.0,11.37,5.27,17.0,11.73
Cockenzie,Tranent,14.54,15.0,0.46,21.06,15.0,-6.06,17.19,24.0,6.81,16.82,24.0,7.18,21.55,24.0,2.45,20.37,24.0,3.63,18.6,24.0,5.4,17.38,24.0,6.62,17.18,24.0,6.82,17.03,24.0,6.97,16.31,21.82,5.51,18.62,21.82,3.2
Coylton,Cronberry,2.95,5.0,2.05,5.84,5.0,-0.84,2.66,5.0,2.34,2.32,5.0,2.68,1.48,5.0,3.52,1.51,5.0,3.49,1.58,7.5,5.92,1.47,7.5,6.03,1.57,7.5,5.93,1.93,7.5,5.57,1.92,10.0,8.08,2.33,10.0,7.67
Coylton,Killoch Colliery,10.35,21.0,10.65,7.98,21.0,13.02,12.64,21.0,8.36,12.61,21.0,8.39,11.92,21.0,9.08,12.83,21.0,8.17,12.92,24.0,11.08,11.84,24.0,12.16,12.86,24.0,11.14,13.09,24.0,10.91,12.33,21.0,8.67,11.99,21.0,9.01
Coylton,Mauchline,5.34,10.0,4.66,5.05,10.0,4.95,5.35,10.0,4.65,5.76,10.0,4.24,5.91,10.0,4.09,6.16,10.0,3.84,5.62,10.0,4.38,5.29,10.0,4.71,5.83,10.0,4.17,5.69,10.0,4.31,5.64,10.0,4.36,5.52,10.0,4.48
Crookston A,Kennishead Avenue,10.69,24.0,13.31,13.54,24.0,10.46,10.53,24.0,13.47,10.63,24.0,13.37,11.9,24.0,12.1,11.26,24.0,12.74,9.63,24.0,14.37,10.85,24.0,13.15,9.35,24.0,14.65,8.8,24.0,15.2,9.2,24.0,14.8,9.14,24.0,14.86
Cumbernauld,Condorrat,25.26,24.0,-1.26,17.88,24.0,6.12,19.03,24.0,4.97,16.48,24.0,7.52,17.62,24.0,6.38,17.22,24.0,6.78,17.46,24.0,6.54,16.98,24.0,7.02,13.65,24.0,10.35,15.38,24.0,8.62,13.79,24.0,10.21,14.29,24.0,9.71
Cumbernauld,Greenfaulds,11.62,24.0,12.38,12.56,24.0,11.44,11.51,24.0,12.49,15.07,24.0,8.93,15.33,24.0,8.67,14.83,24.0,9.17,14.45,24.0,9.55,13.72,24.0,10.28,12.95,24.0,11.05,12.8,24.0,11.2,10.69,24.0,13.31,10.96,24.0,13.04
Cupar,Leuchars,4.91,10.0,5.09,4.35,10.0,5.65,3.9,10.0,6.1,4.09,10.0,5.91,3.99,10.0,6.01,3.91,10.0,6.09,4.2,18.0,13.8,4.5,18.0,13.5,4.85,18.0,13.15,4.51,18.0,13.49,4.63,10.0,5.37,4.67,10.0,5.33
Cupar,St Andrews,19.09,21.0,1.91,18.64,21.0,2.36,18.2,24.0,5.8,21.34,24.0,2.66,19.63,24.0,4.37,19.92,24.0,4.08,19.01,21.0,1.99,18.53,21.0,2.47,17.58,21.0,3.42,18.17,21.0,2.83,18.32,21.61,3.29,18.61,21.61,3.0
Devol Moor,Baker Street,16.65,24.0,7.35,14.85,24.0,9.15,13.83,24.0,10.17,14.35,24.0,9.65,13.77,24.0,10.23,12.93,24.0,11.07,12.7,24.0,11.3,12.1,24.0,11.9,10.3,24.0,13.7,10.97,24.0,13.03,10.89,24.0,13.11,11.07,24.0,12.93
Devonside,Gartarry,9.11,10.0,0.89,8.15,10.0,1.85,7.14,10.0,2.86,8.31,10.0,1.69,9.4,10.0,0.6,6.17,10.0,3.83,6.07,10.0,3.93,5.75,10.0,4.25,6.12,10.0,3.88,5.78,10.0,4.22,6.3,10.0,3.7,7.06,10.0,2.94
Devonside,Menstrie,17.61,24.0,6.39,17.24,24.0,6.76,18.92,24.0,5.08,13.98,24.0,10.02,16.82,24.0,7.18,17.27,24.0,6.73,15.13,24.0,8.87,5.55,24.0,18.45,15.19,24.0,8.81,15.49,24.0,8.51,16.59,24.0,7.41,15.81,24.0,8.19
Dewar Place,Dewar Place,20.21,24.0,3.79,26.81,24.0,-2.81,16.56,24.0,7.44,17.4,24.0,6.6,12.73,24.0,11.27,14.64,24.0,9.36,13.73,24.0,10.27,13.15,24.0,10.85,10.13,24.0,13.87,15.64,24.0,8.36,15.42,24.0,8.58,15.5,24.0,8.5
Dewar Place,Pilton Drive West,6.82,21.0,14.18,6.73,21.0,14.27,,,,9.88,24.0,14.12,9.62,21.0,11.38,9.15,21.0,11.85,9.01,24.0,14.99,8.26,24.0,15.74,8.1,24.0,15.9,8.13,24.0,15.87,7.16,24.0,16.84,7.56,24.0,16.44
Dewar Place,Thistle Court,20.47,24.0,3.53,23.85,24.0,0.15,22.29,24.0,1.71,20.78,24.0,3.22,20.04,24.0,3.96,20.23,24.0,3.77,20.23,24.0,3.77,20.23,24.0,3.77,13.87,24.0,10.13,16.98,24.0,7.02,17.72,21.74,4.02,16.56,21.74,5.18
Dewar Place,William Street,9.23,24.0,14.77,11.98,24.0,12.02,8.31,24.0,15.69,8.33,24.0,15.67,7.76,24.0,16.24,7.93,24.0,16.07,7.93,24.0,16.07,7.93,24.0,16.07,6.46,24.0,17.54,6.32,24.0,17.68,7.57,24.0,16.43,7.14,24.0,16.86
Drumchapel,Westerton,15.62,21.0,5.38,15.2,21.0,5.8,14.11,21.0,6.89,12.64,21.0,8.36,12.17,21.0,8.83,12.67,21.0,8.33,11.8,21.0,9.2,11.83,21.0,9.17,12.81,21.0,8.19,12.1,21.0,8.9,14.12,21.0,6.88,11.48,21.0,9.52
Dumfries,Carrutherstown,2.79,5.0,2.21,2.59,5.0,2.41,1.79,5.0,3.21,1.12,5.0,3.88,2.5,5.0,2.5,2.2,5.0,2.8,2.11,7.5,5.39,2.2,7.5,5.3,2.18,7.5,5.32,2.32,7.5,5.18,2.48,10.0,7.52,2.94,10.0,7.06
Dumfries,Dumfries 11Kv,,,,,,,,,,,,,,,,,,,,,,,,,,,,,,,13.68,20.0,6.32,12.36,20.0,7.64
Dunbar B,Torness,2.4,14.0,11.6,2.4,14.0,11.6,2.45,14.0,11.55,2.68,14.0,11.32,2.56,14.0,11.44,3.98,14.0,10.02,3.4,10.0,6.6,4.44,10.0,5.56,8.96,10.0,1.04,3.04,10.0,6.96,3.53,10.0,6.47,2.76,10.0,7.24
Dunfermline,Townhill,11.93,21.0,9.07,11.51,21.0,9.49,12.22,21.0,8.78,12.77,21.0,8.23,13.48,21.0,7.52,13.45,21.0,7.55,12.49,21.0,8.51,12.79,21.0,8.21,13.02,21.0,7.98,13.15,21.0,7.85,11.14,21.0,9.86,11.27,21.0,9.73
East Kilbride South,Kelvin,,,,9.99,24.0,14.01,9.85,24.0,14.15,9.5,24.0,14.5,9.64,24.0,14.36,9.24,24.0,14.76,9.36,24.0,14.64,9.1,24.0,14.9,9.61,24.0,14.39,9.21,24.0,14.79,9.47,24.0,14.53,9.26,24.0,14.74
Easterhouse,Bishop,6.7,21.0,14.3,8.2,21.0,12.8,8.71,21.0,12.29,9.35,21.0,11.65,8.84,21.0,12.16,8.74,21.0,12.26,9.42,21.0,11.58,9.96,21.0,11.04,8.46,21.0,12.54,7.82,21.0,13.18,9.6,21.0,11.4,9.28,21.0,11.72
Eccles,Gordon,1.44,5.0,3.56,1.82,5.0,3.18,1.44,5.0,3.56,1.5,5.0,3.5,1.16,5.0,3.84,1.4,5.0,3.6,1.5,5.0,3.5,1.68,5.0,3.32,1.68,5.0,3.32,1.67,5.0,3.33,1.84,5.0,3.16,1.79,5.0,3.21
Eccles,Whitchester,0.92,5.0,4.08,0.93,5.0,4.07,1.0,5.0,4.0,0.89,5.0,4.11,0.93,5.0,4.07,0.89,5.0,4.11,0.89,5.0,4.11,0.84,5.0,4.16,0.96,5.0,4.04,0.95,5.0,4.05,0.98,5.0,4.02,0.97,5.0,4.03
Erskine,Erskine,24.33,24.0,-0.33,23.87,24.0,0.13,22.97,30.0,7.03,22.6,30.0,7.4,22.44,30.0,7.56,21.2,30.0,8.8,20.1,48.0,27.9,15.14,24.0,8.86,20.05,24.0,3.95,17.7,24.0,6.3,19.47,41.72,22.25,18.49,41.72,23.23
Finnieston,Newton Street,,,,14.64,40.0,25.36,14.61,40.0,25.39,13.98,40.0,26.02,14.0,40.0,26.0,12.61,40.0,27.39,13.36,40.0,26.64,11.61,40.0,28.39,8.72,40.0,31.28,9.79,40.0,30.21,10.79,40.0,29.21,12.52,40.0,27.48
Galashiels,Lauder,2.91,5.0,2.09,2.39,5.0,2.61,2.15,5.0,2.85,2.19,5.0,2.81,2.68,5.0,2.32,2.98,5.0,2.02,2.81,7.5,4.69,2.72,7.5,4.78,2.97,7.5,4.53,2.8,7.5,4.7,2.63,7.5,4.87,2.63,7.5,4.87
Galashiels,Netherdale,15.08,15.0,-0.08,19.65,15.0,-4.65,14.91,24.0,9.09,14.8,24.0,9.2,15.83,24.0,8.17,15.78,24.0,8.22,15.36,24.0,8.64,14.36,24.0,9.64,13.63,24.0,10.37,14.64,24.0,9.36,14.05,24.0,9.95,14.29,24.0,9.71
Galashiels,Selkirk,6.79,10.0,3.21,6.58,10.0,3.42,5.91,10.0,4.09,6.09,10.0,3.91,6.27,10.0,3.73,6.53,10.0,3.47,5.9,10.0,4.1,5.69,10.0,4.31,5.61,10.0,4.39,5.45,10.0,4.55,5.47,10.0,4.53,5.32,10.0,4.68
Galloway Hydros,Earlstoun Hydro,,,,,,,,,,,,,,,,,,,,,,0.55,15.0,14.45,1.45,15.0,13.55,1.31,15.0,13.69,1.96,15.0,13.04,2.8,15.0,12.2
Galloway Hydros,Glenlee Hydro,,,,,,,,,,,,,,,,,,,,,,1.91,30.0,28.09,2.24,30.0,27.76,1.94,30.0,28.06,5.2,30.0,24.8,3.25,30.0,26.75
Galloway Hydros,Kendoon Hydro,,,,,,,,,,,,,,,,,,,,,,2.46,30.0,27.54,2.35,30.0,27.65,1.87,30.0,28.13,4.56,30.0,25.44,4.1,30.0,25.9
Glenluce,Auchneel,4.9,24.0,19.1,3.8,24.0,20.2,4.26,8.0,3.74,4.45,24.0,19.55,4.18,8.0,3.82,4.43,8.0,3.57,4.19,24.0,19.81,5.11,24.0,18.89,4.51,24.0,19.49,7.49,24.0,16.51,4.27,8.0,3.73,4.21,8.0,3.79
Glenluce,Barrhill,1.38,5.0,3.62,1.92,5.0,3.08,1.63,5.0,3.37,1.06,5.0,3.94,1.16,5.0,3.84,1.24,5.0,3.76,1.33,7.5,6.17,1.11,7.5,6.39,1.0,7.5,6.5,0.95,7.5,6.55,1.41,10.0,8.59,1.25,10.0,8.75
Glenniston,Raith,10.02,24.0,13.98,9.42,24.0,14.58,9.48,24.0,14.52,8.67,24.0,15.33,8.4,24.0,15.6,8.26,24.0,15.74,8.49,24.0,15.51,7.86,24.0,16.14,7.68,24.0,16.32,7.94,24.0,16.06,7.85,24.0,16.15,7.36,24.0,16.64
Glenrothes,Queensway,17.63,18.0,0.37,14.99,18.0,3.01,7.2,18.0,10.8,7.83,18.0,10.17,9.29,18.0,8.71,7.16,18.0,10.84,6.77,18.0,11.23,6.99,18.0,11.01,6.29,18.0,11.71,5.98,18.0,12.02,6.41,18.0,11.59,4.79,18.0,13.21
Glenrothes,Warout Road,11.49,10.0,-1.49,12.43,10.0,-2.43,11.05,10.0,-1.05,10.8,10.0,-0.8,10.32,10.0,-0.32,10.8,10.0,-0.8,9.49,10.0,0.51,8.78,10.0,1.22,9.94,10.0,0.06,10.72,10.0,-0.72,9.23,10.0,0.77,6.96,10.0,3.04
Gorgie,Gorgie,21.33,24.0,2.67,16.59,24.0,7.41,15.43,24.0,8.57,16.99,24.0,7.01,14.94,24.0,9.06,14.52,24.0,9.48,15.74,24.0,8.26,12.7,24.0,11.3,13.15,24.0,10.85,13.5,24.0,10.5,13.56,24.0,10.44,12.07,24.0,11.93
Govan,Elizabeth Street,9.95,10.0,0.05,9.89,10.0,0.11,9.26,10.0,0.74,7.03,10.0,2.97,7.22,10.0,2.78,7.16,10.0,2.84,6.83,10.0,3.17,6.68,10.0,3.32,7.09,10.0,2.91,6.26,10.0,3.74,6.26,10.0,3.74,6.26,10.0,3.74
Govan,Linthouse,17.11,21.0,3.89,15.04,21.0,5.96,17.24,21.0,3.76,15.66,21.0,5.34,11.95,21.0,9.05,12.71,21.0,8.29,11.58,21.0,9.42,11.37,21.0,9.63,11.44,21.0,9.56,13.72,21.0,7.28,11.69,21.0,9.31,11.54,21.0,9.46
Grangemouth C,Polmont,10.65,24.0,13.35,6.79,24.0,17.21,6.08,24.0,17.92,5.96,24.0,18.04,14.2,24.0,9.8,12.99,24.0,11.01,10.68,24.0,13.32,10.45,24.0,13.55,11.95,24.0,12.05,10.73,24.0,13.27,11.13,24.0,12.87,10.33,24.0,13.67
Grangemouth C,Zetland Park,6.88,24.0,17.12,6.19,24.0,17.81,6.06,24.0,17.94,6.16,24.0,17.84,6.23,24.0,17.77,6.1,24.0,17.9,5.73,24.0,18.27,5.45,24.0,18.55,5.38,24.0,18.62,5.14,24.0,18.86,4.95,24.0,19.05,4.85,24.0,19.15
Haggs Road,Westfield Avenue,12.19,21.0,8.81,12.91,21.0,8.09,11.85,21.0,9.15,14.79,21.0,6.21,11.33,21.0,9.67,12.03,21.0,8.97,11.59,21.0,9.41,14.71,21.0,6.29,11.33,21.0,9.67,10.33,21.0,10.67,10.2,21.0,10.8,9.76,21.0,11.24
Hawick,Deans Close,8.65,10.0,1.35,7.85,10.0,2.15,8.19,10.0,1.81,7.84,10.0,2.16,8.52,10.0,1.48,8.0,10.0,2.0,7.87,10.0,2.13,7.18,10.0,2.82,5.9,10.0,4.1,6.13,10.0,3.87,6.31,10.0,3.69,5.75,10.0,4.25
Hawick,Denholm,1.84,2.5,0.66,1.71,2.5,0.79,1.99,2.5,0.51,1.92,2.5,0.58,2.11,2.5,0.39,2.03,2.5,0.47,1.84,2.5,0.66,2.03,2.5,0.47,1.87,2.5,0.63,1.9,2.5,0.6,1.9,8.0,6.1,1.9,8.0,6.1
Helensburgh,Garelochhead,2.1,10.0,7.9,8.65,10.0,1.35,1.85,10.0,8.15,1.99,10.0,8.01,2.62,10.0,7.38,2.51,10.0,7.49,2.07,10.0,7.93,1.81,10.0,8.19,2.02,10.0,7.98,1.75,10.0,8.25,1.66,10.0,8.34,1.65,10.0,8.35
Inverkeithing,Burnside,10.48,24.0,13.52,11.05,24.0,12.95,5.43,24.0,18.57,5.33,24.0,18.67,5.11,24.0,18.89,5.21,24.0,18.79,4.72,24.0,19.28,4.57,24.0,19.43,5.06,24.0,18.94,4.72,24.0,19.28,4.78,24.0,19.22,4.89,24.0,19.11
Inverkeithing,Calais A,,,,,,,,,,,,,,,,,,,8.81,23.0,14.19,8.88,23.0,14.12,1.97,23.0,21.03,9.04,23.0,13.96,8.94,23.0,14.06,8.1,23.0,14.9
Inverkeithing,Castlandhill,,,,9.68,10.0,0.32,8.71,10.0,1.29,8.66,10.0,1.34,8.32,10.0,1.68,4.15,10.0,5.85,7.79,10.0,2.21,7.6,10.0,2.4,3.88,10.0,6.12,4.63,10.0,5.37,9.38,10.0,0.62,9.27,10.0,0.73
Johnstone,Girthill,7.84,10.0,2.16,8.86,10.0,1.14,9.61,10.0,0.39,7.95,10.0,2.05,10.16,10.0,-0.16,9.05,10.0,0.95,7.65,10.0,2.35,7.26,10.0,2.74,7.89,10.0,2.11,7.55,10.0,2.45,7.42,10.0,2.58,7.02,10.0,2.98
Johnstone,Kilmacolm,4.36,10.0,5.64,4.44,10.0,5.56,4.19,10.0,5.81,5.14,10.0,4.86,4.25,10.0,5.75,4.2,10.0,5.8,3.97,10.0,6.03,3.78,10.0,6.22,4.11,10.0,5.89,3.91,10.0,6.09,4.21,10.0,5.79,3.97,10.0,6.03
Kaimes,Loanstone,3.57,10.0,6.43,5.17,10.0,4.83,4.17,10.0,5.83,6.82,10.0,3.18,4.1,10.0,5.9,3.93,10.0,6.07,3.82,10.0,6.18,3.72,10.0,6.28,3.91,10.0,6.09,4.63,10.0,5.37,3.92,10.0,6.08,3.62,10.0,6.38
Killermont,Balmore,12.41,24.0,11.59,11.67,24.0,12.33,10.69,24.0,13.31,10.84,24.0,13.16,10.65,24.0,13.35,9.67,24.0,14.33,10.31,24.0,13.69,9.5,24.0,14.5,9.65,24.0,14.35,11.34,24.0,12.66,10.96,24.0,13.04,9.48,24.0,14.52
Killermont,Milton,8.65,21.0,12.35,8.91,21.0,12.09,7.86,21.0,13.14,9.34,21.0,11.66,8.47,21.0,12.53,8.46,21.0,12.54,7.69,21.0,13.31,7.71,21.0,13.29,8.25,21.0,12.75,8.25,21.0,12.75,7.29,21.0,13.71,6.25,21.0,14.75
Kilmarnock Town,Queens Drive,13.07,24.0,10.93,10.11,24.0,13.89,10.24,24.0,13.76,10.08,24.0,13.92,9.82,24.0,14.18,6.79,24.0,17.21,9.06,24.0,14.94,8.84,24.0,15.16,8.12,24.0,15.88,8.38,24.0,15.62,9.03,24.0,14.97,8.73,24.0,15.27
Kilmarnock Town,Troon,12.51,24.0,11.49,17.46,24.0,6.54,17.59,24.0,6.41,17.22,24.0,6.78,17.4,24.0,6.6,15.28,24.0,8.72,16.01,24.0,7.99,16.58,24.0,7.42,14.93,24.0,9.07,13.8,24.0,10.2,14.45,17.43,2.98,13.62,17.43,3.81
Kilwinning,Irvine,19.33,21.0,1.67,16.55,21.0,4.45,17.82,21.0,3.18,18.14,21.0,2.86,17.38,21.0,3.62,19.04,21.0,1.96,19.83,21.0,1.17,20.37,21.0,0.63,20.05,21.0,0.95,19.6,21.0,1.4,18.8,21.0,2.2,17.02,21.0,3.98
Leven,Anstruther,8.96,10.0,1.04,8.27,10.0,1.73,9.1,11.0,1.9,6.62,24.0,17.38,6.35,11.0,4.65,7.86,11.0,3.14,6.54,10.0,3.46,6.58,10.0,3.42,7.84,10.0,2.16,7.53,10.0,2.47,6.69,10.0,3.31,5.95,10.0,4.05
Leven,Colinsburgh,3.22,5.0,1.78,2.95,5.0,2.05,3.09,5.0,1.91,3.08,5.0,1.92,3.01,5.0,1.99,2.93,5.0,2.07,2.83,5.0,2.17,3.15,5.0,1.85,2.61,5.0,2.39,2.7,5.0,2.3,2.74,5.0,2.26,2.7,5.0,2.3
Leven,Leven,,,,2.14,24.0,21.86,12.08,24.0,11.92,11.31,24.0,12.69,11.66,24.0,12.34,11.95,24.0,12.05,11.18,24.0,12.82,10.48,24.0,13.52,11.87,24.0,12.13,12.66,24.0,11.34,12.58,24.0,11.42,12.65,24.0,11.35
Linnmill,Braidwood,15.75,23.0,7.25,14.23,23.0,8.77,13.0,23.0,10.0,10.81,23.0,12.19,11.14,23.0,11.86,10.91,23.0,12.09,10.4,23.0,12.6,10.21,23.0,12.79,10.97,23.0,12.03,10.71,23.0,12.29,11.25,23.0,11.75,10.35,23.0,12.65
Linnmill,Corra Linn,4.54,10.0,5.46,6.56,10.0,3.44,11.48,10.0,-1.48,9.94,10.0,0.06,9.98,10.0,0.02,9.71,10.0,0.29,5.97,20.0,14.03,7.3,20.0,12.7,8.22,20.0,11.78,8.22,20.0,11.78,8.22,20.0,11.78,10.01,20.0,9.99
Livingston East,Almondvale,15.47,24.0,8.53,14.8,24.0,9.2,14.43,24.0,9.57,13.73,24.0,10.27,13.28,24.0,10.72,13.19,24.0,10.81,12.21,24.0,11.79,13.62,24.0,10.38,9.08,24.0,14.92,10.35,24.0,13.65,11.99,24.0,12.01,12.22,24.0,11.78
Livingston East,Cousland,15.95,24.0,8.05,20.98,24.0,3.02,14.97,24.0,9.03,14.88,24.0,9.12,14.59,24.0,9.41,14.33,24.0,9.67,14.74,24.0,9.26,11.88,24.0,12.12,12.9,24.0,11.1,12.75,24.0,11.25,12.6,24.0,11.4,11.68,24.0,12.32
Livingston East,West Calder,7.94,10.0,2.06,6.19,10.0,3.81,7.26,10.0,2.74,7.37,10.0,2.63,8.27,10.0,1.73,7.46,10.0,2.54,7.24,10.0,2.76,6.99,10.0,3.01,7.36,10.0,2.64,6.93,10.0,3.07,7.4,10.0,2.6,7.28,10.0,2.72
Newarthill,Allanbank,7.31,10.0,2.69,7.2,10.0,2.8,6.38,10.0,3.62,9.5,10.0,0.5,7.28,10.0,2.72,7.08,10.0,2.92,7.02,10.0,2.98,7.29,10.0,2.71,6.45,10.0,3.55,5.53,10.0,4.47,6.9,24.0,17.1,6.99,24.0,17.01
Newarthill,Bellshill (Primary),14.15,21.0,6.85,14.04,21.0,6.96,12.96,21.0,8.04,13.07,21.0,7.93,12.7,21.0,8.3,12.84,21.0,8.16,11.91,21.0,9.09,11.52,21.0,9.48,10.36,21.0,10.64,9.63,21.0,11.37,9.55,21.0,11.45,8.79,21.0,12.21
Newarthill,Carfin,14.83,21.0,6.17,14.9,21.0,6.1,10.69,21.0,10.31,10.95,21.0,10.05,11.81,21.0,9.19,11.35,21.0,9.65,10.69,21.0,10.31,11.23,21.0,9.77,10.87,21.0,10.13,9.94,21.0,11.06,10.37,21.0,10.63,10.19,21.0,10.81
Newarthill,Coddington Crescent,8.74,24.0,15.26,10.19,24.0,13.81,7.81,24.0,16.19,5.47,24.0,18.53,5.62,24.0,18.38,6.0,24.0,18.0,5.64,24.0,18.36,5.72,24.0,18.28,6.38,24.0,17.62,8.36,24.0,15.64,9.58,24.0,14.42,9.24,24.0,14.76
Newarthill,Towers Road,20.59,23.0,2.41,19.79,23.0,3.21,14.72,23.0,8.28,17.01,23.0,5.99,14.9,23.0,8.1,15.44,23.0,7.56,13.48,23.0,9.52,14.46,23.0,8.54,15.26,23.0,7.74,13.8,23.0,9.2,13.08,23.0,9.92,13.11,23.0,9.89
Newton Stewart,Creetown,1.15,5.0,3.85,0.82,5.0,4.18,1.11,5.0,3.89,0.68,5.0,4.32,0.79,5.0,4.21,0.79,5.0,4.21,3.81,7.5,3.69,0.9,7.5,6.6,0.89,7.5,6.61,1.04,7.5,6.46,1.29,10.0,8.71,1.19,10.0,8.81
Newton Stewart,Newton Stewart,10.97,10.0,-0.97,9.33,10.0,0.67,7.34,10.0,2.66,7.63,10.0,2.37,6.99,10.0,3.01,6.22,10.0,3.78,8.65,10.0,1.35,5.74,10.0,4.26,6.6,10.0,3.4,7.16,10.0,2.84,6.41,10.0,3.59,6.15,10.0,3.85
Paisley,Barterholm,13.82,21.0,7.18,10.86,21.0,10.14,11.19,21.0,9.81,11.53,21.0,9.47,11.53,21.0,9.47,11.53,21.0,9.47,8.3,21.0,12.7,8.3,21.0,12.7,10.18,21.0,10.82,10.22,21.0,10.78,9.83,21.0,11.17,9.3,21.0,11.7
Paisley,Blackhall Street,12.49,24.0,11.51,9.75,24.0,14.25,8.41,24.0,15.59,10.62,24.0,13.38,10.62,24.0,13.38,9.28,24.0,14.72,8.88,24.0,15.12,10.03,24.0,13.97,5.69,24.0,18.31,5.48,24.0,18.52,6.03,24.0,17.97,5.45,24.0,18.55
Paisley,Sherwood,6.95,21.0,14.05,7.58,21.0,13.42,9.9,21.0,11.1,8.95,21.0,12.05,8.73,21.0,12.27,8.68,21.0,12.32,7.57,21.0,13.43,7.11,21.0,13.89,7.85,21.0,13.15,7.94,21.0,13.06,8.18,24.0,15.82,7.94,24.0,16.06
Partick,Meadow Road,6.49,21.0,14.51,6.94,21.0,14.06,8.5,21.0,12.5,6.75,21.0,14.25,6.51,21.0,14.49,6.68,21.0,14.32,6.54,21.0,14.46,6.25,21.0,14.75,5.24,21.0,15.76,5.84,21.0,15.16,4.87,21.0,16.13,,,
Partick,Old Dumbarton Road,10.39,10.0,-0.39,7.82,10.0,2.18,9.86,10.0,0.14,7.56,10.0,2.44,7.83,10.0,2.17,7.97,10.0,2.03,7.8,10.0,2.2,6.21,10.0,3.79,3.33,10.0,6.67,2.73,10.0,7.27,2.73,20.0,17.27,2.73,20.0,17.27
Port Dundas,Charles Street,6.7,23.0,16.3,6.37,23.0,16.63,6.43,23.0,16.57,5.89,23.0,17.11,5.61,23.0,17.39,5.59,23.0,17.41,5.11,23.0,17.89,5.11,23.0,17.89,4.83,23.0,18.17,4.73,23.0,18.27,5.07,23.0,17.93,4.6,23.0,18.4
Port Dundas,Petershill Road,19.14,21.0,1.86,11.97,21.0,9.03,14.91,21.0,6.09,11.2,21.0,9.8,11.6,21.0,9.4,10.31,21.0,10.69,11.43,21.0,9.57,10.53,21.0,10.47,11.09,21.0,9.91,10.06,21.0,10.94,10.13,21.0,10.87,10.33,21.0,10.67
Portobello,Lady Victoria,14.42,20.0,5.58,12.47,20.0,7.53,13.24,20.0,6.76,14.22,20.0,5.78,14.52,20.0,5.48,15.64,20.0,4.36,16.46,24.0,7.54,16.0,24.0,8.0,16.65,24.0,7.35,14.76,24.0,9.24,14.46,20.0,5.54,14.28,20.0,5.72
Portobello,Niddrie,12.15,24.0,11.85,11.51,24.0,12.49,13.11,24.0,10.89,14.55,24.0,9.45,13.44,24.0,10.56,14.63,24.0,9.37,13.99,24.0,10.01,12.97,24.0,11.03,13.1,24.0,10.9,14.53,24.0,9.47,14.95,24.0,9.05,14.22,24.0,9.78
Redhouse,Birrell Street Wynd,15.11,21.0,5.89,19.43,21.0,1.57,19.98,21.0,1.02,15.44,21.0,5.56,15.6,21.0,5.4,14.09,21.0,6.91,14.0,21.0,7.0,14.93,21.0,6.07,13.23,21.0,7.77,13.61,21.0,7.39,12.62,21.0,8.38,13.84,21.0,7.16
Shrubhill,Ocean Drive,7.78,24.0,16.22,8.04,24.0,15.96,6.73,24.0,17.27,6.53,24.0,17.47,6.48,24.0,17.52,6.95,24.0,17.05,6.46,24.0,17.54,7.57,24.0,16.43,6.53,24.0,17.47,5.42,24.0,18.58,5.19,24.0,18.81,5.29,24.0,18.71
Sighthill,Barnton Grove,6.63,21.0,14.37,8.76,21.0,12.24,4.62,21.0,16.38,4.58,21.0,16.42,4.58,21.0,16.42,4.41,21.0,16.59,4.2,21.0,16.8,4.08,21.0,16.92,4.56,21.0,16.44,4.4,21.0,16.6,4.48,21.0,16.52,4.21,21.0,16.79
Sighthill,Colinton North,13.45,24.0,10.55,10.41,24.0,13.59,10.67,24.0,13.33,10.74,24.0,13.26,10.34,24.0,13.66,10.89,24.0,13.11,10.82,24.0,13.18,9.56,24.0,14.44,9.97,24.0,14.03,9.28,24.0,14.72,9.87,24.0,14.13,9.57,24.0,14.43
Sighthill,Gylemuir,8.82,21.0,12.18,5.99,21.0,15.01,9.41,21.0,11.59,9.63,21.0,11.37,14.38,21.0,6.62,13.99,21.0,7.01,14.06,21.0,6.94,12.9,21.0,8.1,11.95,21.0,9.05,10.7,21.0,10.3,10.04,24.0,13.96,9.73,24.0,14.27
Stirling,Stirling University,12.1,21.0,8.9,15.79,21.0,5.21,13.53,21.0,7.47,10.02,21.0,10.98,10.5,21.0,10.5,13.02,21.0,7.98,9.72,24.0,14.28,9.22,24.0,14.78,9.4,24.0,14.6,9.59,24.0,14.41,10.31,21.0,10.69,9.73,21.0,11.27
Strathaven,Leonards Chapel,7.63,23.0,15.37,7.56,23.0,15.44,7.01,23.0,15.99,7.15,23.0,15.85,7.98,23.0,15.02,6.75,23.0,16.25,6.02,23.0,16.98,7.17,23.0,15.83,6.8,23.0,16.2,6.04,23.0,16.96,5.83,23.0,17.17,5.88,23.0,17.12
Tongland 33Kv,Castle Douglas,6.97,10.0,3.03,6.93,10.0,3.07,7.23,10.0,2.77,6.24,10.0,3.76,5.54,10.0,4.46,5.5,10.0,4.5,5.2,10.0,4.8,5.41,10.0,4.59,5.52,10.0,4.48,6.62,10.0,3.38,6.83,10.0,3.17,6.69,10.0,3.31
Tongland 33Kv,Dalbeattie,8.31,10.0,1.69,8.52,10.0,1.48,9.68,15.0,5.32,9.4,15.0,5.6,10.19,15.0,4.81,10.49,15.0,4.51,9.62,24.0,14.38,9.71,24.0,14.29,9.44,24.0,14.56,9.66,24.0,14.34,9.37,20.86,11.49,9.07,20.86,11.79
Tongland 33Kv,Gatehouse,2.02,5.0,2.98,1.93,5.0,3.07,1.34,5.0,3.66,1.82,5.0,3.18,1.88,5.0,3.12,1.82,5.0,3.18,2.07,7.5,5.43,1.94,7.5,5.56,1.66,7.5,5.84,0.96,7.5,6.54,1.72,7.5,5.78,1.74,7.5,5.76
West George Street,Mitchell Street,18.06,21.0,2.94,18.21,21.0,2.79,18.28,21.0,2.72,17.41,21.0,3.59,17.96,21.0,3.04,18.14,21.0,2.86,18.11,21.0,2.89,18.27,21.0,2.73,11.36,21.0,9.64,13.52,21.0,7.48,14.65,21.0,6.35,12.78,21.0,8.22
West George Street,West George Street,18.49,21.0,2.51,24.0,21.0,-3.0,17.66,21.0,3.34,15.15,21.0,5.85,11.73,21.0,9.27,12.55,21.0,8.45,13.94,21.0,7.06,11.57,21.0,9.43,7.62,21.0,13.38,9.21,21.0,11.79,12.3,21.0,8.7,14.56,21.0,6.44
Westburn Road,Uddingston,,,,,,,19.05,24.0,4.95,16.6,24.0,7.4,16.25,24.0,7.75,13.32,24.0,10.68,13.93,24.0,10.07,13.81,24.0,10.19,14.52,24.0,9.48,14.26,24.0,9.74,13.24,24.0,10.76,13.02,24.0,10.98
Westburn Road,Westburn Road,,,,,,,16.47,40.0,23.53,16.89,40.0,23.11,16.17,40.0,23.83,16.75,40.0,23.25,15.4,40.0,24.6,15.15,40.0,24.85,15.34,40.0,24.66,14.41,40.0,25.59,14.53,40.0,25.47,13.62,40.0,26.38
Westfield,Bowhill,10.75,10.0,-0.75,9.47,10.0,0.53,8.95,10.0,1.05,8.38,10.0,1.62,8.1,10.0,1.9,7.92,10.0,2.08,8.41,10.0,1.59,8.57,10.0,1.43,7.72,10.0,2.28,7.46,10.0,2.54,7.57,10.0,2.43,7.34,10.0,2.66
Westfield,Cowdenbeath,10.42,24.0,13.58,9.79,24.0,14.21,9.12,24.0,14.88,9.56,24.0,14.44,9.88,24.0,14.12,9.99,24.0,14.01,9.03,24.0,14.97,10.35,24.0,13.65,10.15,24.0,13.85,9.78,24.0,14.22,8.65,24.0,15.35,8.88,24.0,15.12
Westfield,Southfield,14.4,21.0,6.6,8.58,21.0,12.42,9.28,21.0,11.72,10.66,21.0,10.34,11.33,21.0,9.67,11.08,21.0,9.92,11.76,21.0,9.24,6.91,21.0,14.09,6.8,21.0,14.2,7.42,21.0,13.58,6.24,21.0,14.76,5.94,21.0,15.06
Whitehouse,Oxgangs Road,8.65,15.0,6.35,4.98,15.0,10.02,5.15,15.0,9.85,5.02,15.0,9.98,5.01,15.0,9.99,5.02,15.0,9.98,4.89,15.0,10.11,4.56,15.0,10.44,4.93,15.0,10.07,4.8,15.0,10.2,4.42,15.0,10.58,4.59,15.0,10.41
Wishaw,Belhaven West,16.83,21.0,4.17,12.92,21.0,8.08,11.65,21.0,9.35,11.32,21.0,9.68,11.26,21.0,9.74,11.38,21.0,9.62,10.58,21.0,10.42,10.51,21.0,10.49,10.43,21.0,10.57,11.95,21.0,9.05,10.52,21.0,10.48,10.1,21.0,10.9
Ayr,Glengall,9.38,21.0,11.62,13.67,21.0,7.33,13.97,21.0,7.03,13.68,21.0,7.32,13.64,21.0,7.36,13.64,21.0,7.36,13.44,21.0,7.56,12.51,21.0,8.49,13.21,21.0,7.79,12.27,21.0,8.73,12.26,21.0,8.74,11.82,21.0,9.18
Bathgate,Paulville,6.34,10.0,3.66,9.17,10.0,0.83,9.58,10.0,0.42,10.07,10.0,-0.07,9.51,10.0,0.49,8.78,10.0,1.22,7.87,10.0,2.13,7.88,10.0,2.12,7.44,10.0,2.56,7.4,10.0,2.6,7.62,20.0,12.38,7.21,20.0,12.79
Berwick,Ayton,4.8,5.0,0.2,4.69,5.0,0.31,4.76,5.0,0.24,4.86,5.0,0.14,4.86,5.0,0.14,4.86,5.0,0.14,4.86,5.0,0.14,4.86,5.0,0.14,4.86,5.0,0.14,4.58,5.0,0.42,4.58,5.0,0.42,4.76,5.0,0.24
Braehead Park,Renfrew Ferry,29.29,40.0,10.71,18.96,40.0,21.04,17.72,40.0,22.28,28.35,40.0,11.65,18.22,40.0,21.78,23.59,40.0,16.41,22.9,40.0,17.1,20.92,40.0,19.08,19.68,40.0,20.32,20.08,40.0,19.92,22.94,40.0,17.06,22.95,40.0,17.05
Broxburn,Broxburn,9.31,24.0,14.69,9.12,24.0,14.88,8.7,24.0,15.3,8.58,24.0,15.42,9.34,24.0,14.66,8.78,24.0,15.22,8.41,24.0,15.59,6.32,24.0,17.68,8.92,24.0,15.08,11.02,24.0,12.98,8.25,24.0,15.75,8.05,24.0,15.95
Broxburn,East Mains,12.44,24.0,11.56,7.01,24.0,16.99,7.06,24.0,16.94,6.67,24.0,17.33,6.06,24.0,17.94,6.76,24.0,17.24,6.81,24.0,17.19,7.91,24.0,16.09,6.38,24.0,17.62,5.95,24.0,18.05,7.17,24.0,16.83,8.9,24.0,15.1
Broxburn,Newbridge,10.02,24.0,13.98,9.76,24.0,14.24,11.44,24.0,12.56,10.6,24.0,13.4,11.98,24.0,12.02,11.74,24.0,12.26,11.34,24.0,12.66,11.5,24.0,12.5,10.79,24.0,13.21,10.93,24.0,13.07,9.73,24.0,14.27,11.35,24.0,12.65
Carntyne,Maukinfauld Road,7.82,24.0,16.18,6.62,24.0,17.38,6.24,24.0,17.76,6.39,24.0,17.61,5.6,24.0,18.4,5.6,24.0,18.4,5.6,24.0,18.4,2.51,24.0,21.49,5.6,24.0,18.4,5.45,24.0,18.55,4.67,24.0,19.33,4.18,24.0,19.82
Chapelcross,Middlebie,2.36,3.0,0.64,4.7,3.0,-1.7,4.85,5.0,0.15,5.13,5.0,-0.13,4.81,5.0,0.19,5.24,5.0,-0.24,5.18,10.0,4.82,4.78,10.0,5.22,5.42,10.0,4.58,4.88,10.0,5.12,4.94,5.0,0.06,4.66,5.0,0.34
Charlotte Street,Virginia Street,20.7,21.0,0.3,17.58,21.0,3.42,19.08,21.0,1.92,15.49,21.0,5.51,16.01,21.0,4.99,15.88,21.0,5.12,15.86,21.0,5.14,13.89,21.0,7.11,10.67,21.0,10.33,11.86,21.0,9.14,13.34,21.0,7.66,15.61,21.0,5.39
Coatbridge,Airdrie,11.93,21.0,9.07,15.08,21.0,5.92,10.91,21.0,10.09,11.11,21.0,9.89,10.48,21.0,10.52,10.96,21.0,10.04,9.47,21.0,11.53,10.52,21.0,10.48,9.47,21.0,11.53,9.5,21.0,11.5,10.4,21.0,10.6,10.56,21.0,10.44
Coatbridge,Clark Way,4.93,24.0,19.07,8.91,24.0,15.09,5.23,24.0,18.77,5.98,24.0,18.02,8.53,24.0,15.47,6.23,24.0,17.77,6.13,24.0,17.87,6.36,24.0,17.64,5.47,24.0,18.53,5.44,24.0,18.56,6.13,24.0,17.87,6.31,24.0,17.69
Coatbridge,Myrtle Road,14.96,24.0,9.04,11.71,24.0,12.29,13.73,24.0,10.27,12.14,24.0,11.86,12.18,24.0,11.82,11.58,24.0,12.42,13.61,24.0,10.39,10.98,24.0,13.02,10.98,24.0,13.02,10.35,24.0,13.65,11.69,24.0,12.31,11.49,24.0,12.51
Coylton,Cumnock,9.49,24.0,14.51,12.23,24.0,11.77,12.66,24.0,11.34,9.55,24.0,14.45,9.79,24.0,14.21,9.21,24.0,14.79,8.97,24.0,15.03,9.09,24.0,14.91,9.17,24.0,14.83,8.8,24.0,15.2,10.91,24.0,13.09,10.96,24.0,13.04
Coylton,Drumley,6.38,10.0,3.62,6.93,10.0,3.07,7.05,10.0,2.95,6.67,10.0,3.33,6.34,10.0,3.66,6.23,10.0,3.77,5.22,10.0,4.78,5.3,10.0,4.7,5.33,10.0,4.67,5.32,10.0,4.68,5.23,10.0,4.77,5.15,10.0,4.85
Coylton,Fauldhead,4.51,10.0,5.49,4.69,10.0,5.31,4.28,10.0,5.72,4.74,10.0,5.26,4.51,10.0,5.49,4.41,10.0,5.59,4.58,10.0,5.42,4.56,10.0,5.44,4.42,10.0,5.58,4.07,10.0,5.93,4.36,10.0,5.64,4.31,10.0,5.69
Coylton,New Cumnock,2.59,5.0,2.41,2.71,5.0,2.29,2.7,5.0,2.3,2.73,5.0,2.27,3.05,5.0,1.95,2.83,5.0,2.17,2.91,7.5,4.59,2.6,7.5,4.9,2.32,7.5,5.18,2.12,7.5,5.38,2.06,10.0,7.94,2.12,10.0,7.88
Crookston A,Crookston,12.35,21.0,8.65,11.99,21.0,9.01,12.57,21.0,8.43,11.38,21.0,9.62,11.59,21.0,9.41,11.77,21.0,9.23,13.23,21.0,7.77,11.58,21.0,9.42,11.58,21.0,9.42,11.14,21.0,9.86,10.59,21.0,10.41,10.65,21.0,10.35
Cumbernauld,Kildrum,10.22,21.0,10.78,8.81,21.0,12.19,8.03,21.0,12.97,7.97,21.0,13.03,7.78,21.0,13.22,8.02,21.0,12.98,7.54,21.0,13.46,7.71,21.0,13.29,8.76,21.0,12.24,8.57,21.0,12.43,8.92,21.0,12.08,8.38,21.0,12.62
Cumbernauld,Old Inns,14.43,24.0,9.57,13.56,24.0,10.44,8.36,24.0,15.64,14.56,24.0,9.44,14.59,24.0,9.41,17.55,24.0,6.45,15.06,24.0,8.94,18.78,24.0,5.22,6.28,24.0,17.72,5.02,24.0,18.98,11.83,24.0,12.17,11.34,24.0,12.66
Cupar,Cupar,17.81,21.0,3.19,16.54,21.0,4.46,17.03,21.0,3.97,17.55,21.0,3.45,17.29,21.0,3.71,17.45,21.0,3.55,16.77,21.0,4.23,16.77,21.0,4.23,16.52,21.0,4.48,15.92,21.0,5.08,15.9,21.0,5.1,16.07,21.0,4.93
Cupar,Forgan,7.53,10.0,2.47,8.6,10.0,1.4,8.56,10.0,1.44,8.55,10.0,1.45,8.43,14.0,5.57,8.43,14.0,5.57,8.1,24.0,15.9,8.14,24.0,15.86,8.72,24.0,15.28,8.05,24.0,15.95,7.45,14.0,6.55,8.07,14.0,5.93
Cupar,Newburgh,3.43,5.0,1.57,2.54,5.0,2.46,2.37,5.0,2.63,2.76,5.0,2.24,3.11,5.0,1.89,2.73,5.0,2.27,2.16,5.0,2.84,2.25,5.0,2.75,2.22,5.0,2.78,2.22,5.0,2.78,2.37,5.0,2.63,1.92,5.0,3.08
Dalmarnock,Ashgrove Street,,,,17.34,21.0,3.66,16.63,21.0,4.37,13.78,21.0,7.22,15.24,21.0,5.76,14.36,21.0,6.64,14.83,21.0,6.17,15.59,21.0,5.41,13.73,21.0,7.27,14.04,21.0,6.96,14.78,21.0,6.22,13.11,21.0,7.89
Devol Moor,Boundary Street,10.68,24.0,13.32,9.91,24.0,14.09,10.24,24.0,13.76,9.02,24.0,14.98,9.51,24.0,14.49,8.98,24.0,15.02,8.56,24.0,15.44,9.02,24.0,14.98,8.14,24.0,15.86,7.89,24.0,16.11,7.76,24.0,16.24,6.96,24.0,17.04
Devonside,Kelliebank,15.25,23.0,7.75,18.08,23.0,4.92,16.89,23.0,6.11,16.97,23.0,6.03,13.54,23.0,9.46,12.44,23.0,10.56,13.23,23.0,9.77,11.7,23.0,11.3,11.76,23.0,11.24,12.29,23.0,10.71,11.25,23.0,11.75,10.99,23.0,12.01
Devonside,Sauchie,9.08,24.0,14.92,11.8,24.0,12.2,9.38,24.0,14.62,7.95,24.0,16.05,8.34,24.0,15.66,8.07,24.0,15.93,7.13,24.0,16.87,7.23,24.0,16.77,7.76,24.0,16.24,7.16,24.0,16.84,7.32,24.0,16.68,6.93,24.0,17.07
Dewar Place,Granton Park Avenue,,,,,,,,,,,,,,,,,,,,,,5.85,24.0,18.15,5.04,24.0,18.96,5.42,24.0,18.58,2.53,24.0,21.47,2.82,24.0,21.18
Drumchapel,Archerhill Road,17.3,21.0,3.7,13.46,21.0,7.54,16.83,21.0,4.17,16.77,21.0,4.23,15.22,21.0,5.78,15.84,21.0,5.16,14.53,21.0,6.47,14.9,21.0,6.1,14.89,21.0,6.11,14.38,21.0,6.62,13.74,21.0,7.26,13.62,21.0,7.38
Drumchapel,Drumchapel Road,7.81,21.0,13.19,9.23,21.0,11.77,9.41,21.0,11.59,9.6,21.0,11.4,7.66,21.0,13.34,7.4,21.0,13.6,7.03,21.0,13.97,6.96,21.0,14.04,7.14,21.0,13.86,7.09,21.0,13.91,8.56,21.0,12.44,6.37,21.0,14.63
Drumchapel,Yoker Ferry Road,23.22,24.0,0.78,20.51,24.0,3.49,16.56,24.0,7.44,16.16,24.0,7.84,16.32,24.0,7.68,17.16,24.0,6.84,15.91,24.0,8.09,15.08,24.0,8.92,14.33,24.0,9.67,14.35,24.0,9.65,16.45,24.0,7.55,15.68,24.0,8.32
Drumcross,Deans,,,,,,,,,,,,,,,,15.65,24.0,8.35,15.36,24.0,8.64,13.89,24.0,10.11,12.63,24.0,11.37,13.0,24.0,11.0,14.44,24.0,9.56,13.72,24.0,10.28
Dumfries,Cargenbridge,4.09,21.0,16.91,3.82,21.0,17.18,4.39,21.0,16.61,5.9,21.0,15.1,6.6,21.0,14.4,7.23,21.0,13.77,6.5,21.0,14.5,6.56,21.0,14.44,7.9,21.0,13.1,7.29,21.0,13.71,7.85,21.0,13.15,7.39,21.0,13.61
Dumfries,Heathhall,13.5,24.0,10.5,11.27,24.0,12.73,12.4,24.0,11.6,12.58,24.0,11.42,12.23,24.0,11.77,12.97,24.0,11.03,11.75,24.0,12.25,11.97,24.0,12.03,12.79,24.0,11.21,11.98,24.0,12.02,12.03,24.0,11.97,12.07,24.0,11.93
Dumfries,Lochside,5.06,10.0,4.94,4.8,10.0,5.2,4.1,10.0,5.9,3.2,10.0,6.8,3.24,10.0,6.76,2.55,10.0,7.45,2.5,10.0,7.5,2.25,10.0,7.75,2.86,10.0,7.14,2.89,10.0,7.11,2.91,10.0,7.09,3.16,10.0,6.84
Dumfries,Maxwellton,16.65,24.0,7.35,15.18,24.0,8.82,14.52,24.0,9.48,15.42,24.0,8.58,12.58,24.0,11.42,12.94,24.0,11.06,12.72,24.0,11.28,11.77,24.0,12.23,11.89,24.0,12.11,10.99,24.0,13.01,11.69,24.0,12.31,12.59,24.0,11.41
Dunbar A,East Linton,2.86,5.0,2.14,3.33,5.0,1.67,4.11,5.0,0.89,3.08,5.0,1.92,2.61,5.0,2.39,2.89,5.0,2.11,2.75,5.0,2.25,2.52,5.0,2.48,2.9,5.0,2.1,2.55,5.0,2.45,2.55,5.0,2.45,2.64,5.0,2.36
Dunfermline,Netherton,13.17,10.0,-3.17,12.88,10.0,-2.88,11.76,24.0,12.24,11.63,24.0,12.37,11.66,24.0,12.34,11.62,24.0,12.38,10.95,24.0,13.05,10.55,24.0,13.45,10.66,24.0,13.34,10.83,24.0,13.17,10.58,24.0,13.42,10.12,24.0,13.88
East Kilbride,College Milton,15.88,21.0,5.12,13.97,21.0,7.03,13.83,21.0,7.17,13.81,21.0,7.19,14.73,21.0,6.27,13.29,21.0,7.71,14.55,21.0,6.45,12.92,21.0,8.08,11.06,21.0,9.94,11.84,21.0,9.16,11.74,21.0,9.26,11.73,21.0,9.27
East Kilbride,High Blantyre,19.53,21.0,1.47,18.05,21.0,2.95,18.02,21.0,2.98,15.27,21.0,5.73,15.46,21.0,5.54,15.18,21.0,5.82,14.03,21.0,6.97,13.52,21.0,7.48,13.12,21.0,7.88,12.37,21.0,8.63,13.22,21.0,7.78,13.51,21.0,7.49
East Kilbride,Westwood,8.31,24.0,15.69,11.6,24.0,12.4,11.04,24.0,12.96,12.84,24.0,11.16,12.99,24.0,11.01,12.81,24.0,11.19,10.45,24.0,13.55,8.12,24.0,15.88,7.53,24.0,16.47,6.74,24.0,17.26,6.79,24.0,17.21,6.61,24.0,17.39
East Kilbride South,Common Farm,,,,7.98,23.0,15.02,7.51,23.0,15.49,6.55,23.0,16.45,12.92,23.0,10.08,12.02,23.0,10.98,10.56,23.0,12.44,10.23,23.0,12.77,8.4,23.0,14.6,8.78,23.0,14.22,9.01,23.0,13.99,8.51,23.0,14.49
Easterhouse,Avenue End Road,7.63,24.0,16.37,11.81,24.0,12.19,11.65,24.0,12.35,9.24,24.0,14.76,5.77,24.0,18.23,5.88,24.0,18.12,6.02,24.0,17.98,6.34,24.0,17.66,6.41,24.0,17.59,6.04,24.0,17.96,5.98,24.0,18.02,6.41,24.0,17.59
Easterhouse,Gartsherrie,10.06,21.0,10.94,8.28,21.0,12.72,8.41,21.0,12.59,7.9,21.0,13.1,7.45,21.0,13.55,7.81,21.0,13.19,7.79,21.0,13.21,9.03,21.0,11.97,8.7,21.0,12.3,8.38,21.0,12.62,8.55,21.0,12.45,8.7,21.0,12.3
Easterhouse,Woodisle,8.07,24.0,15.93,9.64,24.0,14.36,8.51,24.0,15.49,7.13,24.0,16.87,10.9,24.0,13.1,10.92,24.0,13.08,9.95,24.0,14.05,9.91,24.0,14.09,10.98,24.0,13.02,11.11,24.0,12.89,10.34,24.0,13.66,10.11,24.0,13.89
Eccles,Coldstream,3.4,5.0,1.6,3.2,5.0,1.8,3.53,5.0,1.47,3.39,5.0,1.61,3.73,5.0,1.27,3.94,5.0,1.06,3.81,5.0,1.19,3.42,5.0,1.58,3.27,5.0,1.73,3.38,5.0,1.62,3.33,5.0,1.67,3.23,5.0,1.77
Eccles,Oakfield,10.49,10.0,-0.49,8.41,10.0,1.59,9.21,10.0,0.79,8.62,10.0,1.38,9.3,10.0,0.7,9.28,10.0,0.72,8.43,24.0,15.57,8.26,24.0,15.74,7.96,24.0,16.04,8.46,24.0,15.54,8.46,24.0,15.54,8.12,24.0,15.88
Elderslie,Glenburn,8.81,10.0,1.19,7.11,10.0,2.89,6.8,10.0,3.2,6.69,10.0,3.31,7.37,10.0,2.63,6.57,10.0,3.43,5.95,10.0,4.05,6.84,10.0,3.16,6.87,10.0,3.13,5.69,10.0,4.31,5.67,10.0,4.33,5.45,10.0,4.55
Finnieston,Byres Road,,,,15.76,23.0,7.24,16.14,23.0,6.86,17.36,23.0,5.64,16.0,23.0,7.0,15.14,23.0,7.86,14.06,23.0,8.94,14.34,23.0,8.66,11.45,23.0,11.55,11.45,23.0,11.55,15.06,23.0,7.94,15.3,23.0,7.7
Galashiels,Glendinning Terrace,5.66,5.0,-0.66,5.2,5.0,-0.2,5.55,5.0,-0.55,5.43,5.0,-0.43,4.19,5.0,0.81,3.52,5.0,1.48,3.59,5.0,1.41,3.44,5.0,1.56,3.28,5.0,1.72,3.3,5.0,1.7,2.73,5.0,2.27,2.61,5.0,2.39
Galashiels,St Boswells,4.32,7.5,3.18,4.48,7.5,3.02,4.12,7.5,3.38,4.34,7.5,3.16,4.66,7.5,2.84,4.3,7.5,3.2,4.71,7.5,2.79,4.27,7.5,3.23,4.8,7.5,2.7,4.34,7.5,3.16,4.06,7.5,3.44,4.19,7.5,3.31
Galashiels,Yair Bridge,3.94,7.5,3.56,3.94,7.5,3.56,4.02,7.5,3.48,4.1,7.5,3.4,2.38,7.5,5.12,2.3,7.5,5.2,2.04,7.5,5.46,2.11,7.5,5.39,2.11,7.5,5.39,2.11,7.5,5.39,2.33,7.5,5.17,2.16,7.5,5.34
Giffnock,Burnfield,11.33,21.0,9.67,9.23,21.0,11.77,11.68,21.0,9.32,,,,,,,,,,,,,8.27,21.0,12.73,8.46,21.0,12.54,8.56,21.0,12.44,7.61,21.0,13.39,6.93,21.0,14.07
Giffnock,Castlemilk,8.53,21.0,12.47,11.78,21.0,9.22,13.12,21.0,7.88,7.22,21.0,13.78,5.79,21.0,15.21,7.91,21.0,13.09,6.78,21.0,14.22,6.34,21.0,14.66,6.28,21.0,14.72,6.31,21.0,14.69,5.94,21.0,15.06,6.87,21.0,14.13
Glenluce,Glenluce,1.16,7.5,6.34,1.84,7.5,5.66,2.28,7.5,5.22,3.86,7.5,3.64,2.44,7.5,5.06,2.27,7.5,5.23,1.91,7.5,5.59,1.96,7.5,5.54,1.72,7.5,5.78,1.9,7.5,5.6,2.03,7.5,5.47,2.01,7.5,5.49
Glenniston,Burntisland,7.42,24.0,16.58,7.14,24.0,16.86,7.41,24.0,16.59,7.07,24.0,16.93,8.05,24.0,15.95,7.35,24.0,16.65,6.37,24.0,17.63,6.43,24.0,17.57,8.03,24.0,15.97,6.66,24.0,17.34,6.15,24.0,17.85,6.1,24.0,17.9
Glenniston,Linton Lane,3.67,7.5,3.83,3.55,7.5,3.95,3.85,7.5,3.65,3.68,7.5,3.82,3.45,7.5,4.05,3.46,7.5,4.04,3.08,7.5,4.42,3.25,7.5,4.25,3.16,7.5,4.34,2.85,7.5,4.65,2.78,7.5,4.72,3.43,7.5,4.07
Govan,Cardonald,9.44,24.0,14.56,5.79,24.0,18.21,12.62,24.0,11.38,10.91,24.0,13.09,12.53,24.0,11.47,11.7,24.0,12.3,9.65,24.0,14.35,5.79,24.0,18.21,5.85,24.0,18.15,9.48,24.0,14.52,11.81,24.0,12.19,10.89,24.0,13.11
Govan,Helen Street,8.54,21.0,12.46,7.52,21.0,13.48,7.78,21.0,13.22,7.57,21.0,13.43,7.16,21.0,13.84,7.19,21.0,13.81,7.96,21.0,13.04,7.34,21.0,13.66,6.52,21.0,14.48,6.62,21.0,14.38,6.62,21.0,14.38,6.36,21.0,14.64
Grangemouth C,Wholeflats,12.79,21.0,8.21,12.75,21.0,8.25,11.95,21.0,9.05,11.63,21.0,9.37,14.05,21.0,6.95,11.22,21.0,9.78,10.86,21.0,10.14,10.75,21.0,10.25,9.57,21.0,11.43,9.26,21.0,11.74,10.87,21.0,10.13,7.39,21.0,13.61
Haggs Road,Haggs Road,11.68,21.0,9.32,9.53,21.0,11.47,9.65,21.0,11.35,10.54,21.0,10.46,9.47,21.0,11.53,9.59,21.0,11.41,8.59,21.0,12.41,8.87,21.0,12.13,11.31,21.0,9.69,11.49,21.0,9.51,9.92,21.0,11.08,9.49,21.0,11.51
Hawick,Morebattle,1.17,5.0,3.83,1.13,5.0,3.87,1.41,5.0,3.59,1.15,5.0,3.85,1.18,5.0,3.82,1.36,5.0,3.64,1.47,5.0,3.53,1.18,5.0,3.82,1.14,5.0,3.86,1.11,5.0,3.89,1.18,5.0,3.82,0.98,5.0,4.02
Helensburgh,Woodend,6.41,10.0,3.59,5.99,10.0,4.01,6.44,10.0,3.56,8.01,10.0,1.99,7.2,10.0,2.8,7.46,10.0,2.54,8.52,10.0,1.48,7.52,10.0,2.48,7.54,10.0,2.46,5.8,10.0,4.2,5.71,10.0,4.29,5.88,10.0,4.12
Inverkeithing,Dalgety,10.07,24.0,13.93,9.44,24.0,14.56,9.49,24.0,14.51,9.04,24.0,14.96,9.77,24.0,14.23,9.92,24.0,14.08,7.05,24.0,16.95,7.03,24.0,16.97,6.51,24.0,17.49,7.79,24.0,16.21,8.13,24.0,15.87,7.29,24.0,16.71
Inverkeithing,Pitreavie,12.94,23.0,10.06,11.69,23.0,11.31,10.5,23.0,12.5,11.83,23.0,11.17,10.7,23.0,12.3,10.44,23.0,12.56,10.12,23.0,12.88,9.59,23.0,13.41,9.73,23.0,13.27,9.66,23.0,13.34,10.46,23.0,12.54,11.21,23.0,11.79
Johnstone,Ardgour Drive,11.53,21.0,9.47,11.43,21.0,9.57,12.55,21.0,8.45,4.15,21.0,16.85,4.06,21.0,16.94,4.23,21.0,16.77,4.21,21.0,16.79,4.21,21.0,16.79,12.42,21.0,8.58,12.53,21.0,8.47,12.48,20.0,7.52,12.71,20.0,7.29
Kaimes,Burghlee,18.1,20.0,1.9,16.87,20.0,3.13,17.05,20.0,2.95,14.92,20.0,5.08,14.88,20.0,5.12,14.13,20.0,5.87,13.39,40.0,26.61,11.85,40.0,28.15,12.95,40.0,27.05,14.19,40.0,25.81,13.47,20.0,6.53,13.04,20.0,6.96
Kaimes,Bush Estate,,,,,,,,,,,,,6.15,24.0,17.85,5.98,24.0,18.02,5.8,24.0,18.2,8.4,24.0,15.6,6.88,24.0,17.12,9.15,24.0,14.85,9.23,24.0,14.77,7.99,24.0,16.01
Kaimes,Frogston Road East,3.56,7.5,3.94,5.38,7.5,2.12,8.83,24.0,15.17,8.44,24.0,15.56,8.36,24.0,15.64,7.5,24.0,16.5,7.16,24.0,16.84,7.51,24.0,16.49,7.92,24.0,16.08,8.02,24.0,15.98,8.02,24.0,15.98,8.02,24.0,15.98
Kaimes,Little France,2.98,24.0,21.02,5.12,24.0,18.88,5.39,24.0,18.61,10.18,24.0,13.82,11.16,24.0,12.84,10.13,24.0,13.87,9.75,24.0,14.25,9.88,24.0,14.12,9.93,24.0,14.07,9.71,24.0,14.29,10.4,24.0,13.6,10.76,24.0,13.24
Kaimes,West Linton,3.62,5.0,1.38,3.81,5.0,1.19,4.23,5.0,0.77,3.88,5.0,1.12,3.99,5.0,1.01,3.99,5.0,1.01,3.99,10.0,6.01,3.99,10.0,6.01,4.14,10.0,5.86,4.02,10.0,5.98,4.69,10.0,5.31,4.5,10.0,5.5
Kilbowie 33Kv,Clydebank Business Park,13.84,24.0,10.16,13.28,24.0,10.72,13.05,24.0,10.95,12.77,24.0,11.23,12.78,24.0,11.22,12.17,24.0,11.83,11.78,24.0,12.22,11.71,24.0,12.29,11.69,24.0,12.31,12.04,24.0,11.96,13.17,24.0,10.83,12.87,24.0,11.13
Kilbowie 33Kv,Radnor Park,8.27,21.0,12.73,7.44,21.0,13.56,7.81,21.0,13.19,8.58,21.0,12.42,8.23,21.0,12.77,8.21,21.0,12.79,7.49,21.0,13.51,7.23,21.0,13.77,7.56,21.0,13.44,7.06,21.0,13.94,7.16,21.0,13.84,7.11,21.0,13.89
Killermont,Bishopbriggs,16.17,21.0,4.83,13.86,21.0,7.14,14.71,21.0,6.29,14.65,21.0,6.35,14.86,21.0,6.14,14.1,21.0,6.9,12.85,21.0,8.15,12.55,21.0,8.45,12.87,21.0,8.13,12.02,21.0,8.98,14.01,21.0,6.99,11.81,21.0,9.19
Kilmarnock South,Monkton,19.75,21.0,1.25,,,,15.33,21.0,5.67,13.35,21.0,7.65,15.22,21.0,5.78,15.73,21.0,5.27,14.87,21.0,6.13,12.96,21.0,8.04,14.53,21.0,6.47,13.58,21.0,7.42,13.33,21.0,7.67,13.56,21.0,7.44
Kilmarnock South,Newmilns,6.22,24.0,17.78,,,,6.64,24.0,17.36,5.86,24.0,18.14,5.7,24.0,18.3,5.78,24.0,18.22,5.36,24.0,18.64,5.9,24.0,18.1,5.76,24.0,18.24,5.76,24.0,18.24,7.58,24.0,16.42,7.31,24.0,16.69
Kilmarnock South,Riverside,6.27,40.0,33.73,4.64,40.0,35.36,5.86,40.0,34.14,4.54,40.0,35.46,2.45,40.0,37.55,2.52,40.0,37.48,2.52,40.0,37.48,2.52,40.0,37.48,2.52,40.0,37.48,1.71,40.0,38.29,1.71,40.0,38.29,1.71,40.0,38.29
Leven,Levenbank,12.11,10.0,-2.11,12.1,10.0,-2.1,10.42,10.0,-0.42,10.33,10.0,-0.33,10.53,10.0,-0.53,9.71,10.0,0.29,10.45,10.0,-0.45,10.18,10.0,-0.18,9.94,10.0,0.06,8.5,10.0,1.5,8.36,10.0,1.64,8.81,10.0,1.19
Leven,Methilhill,7.97,10.0,2.03,5.99,10.0,4.01,6.48,10.0,3.52,5.54,10.0,4.46,6.09,10.0,3.91,5.6,10.0,4.4,5.92,10.0,4.08,5.22,10.0,4.78,5.09,10.0,4.91,5.35,10.0,4.65,4.82,10.0,5.18,6.71,10.0,3.29
Linnmill,Lanark,,,,0.0,24.0,24.0,11.98,24.0,12.02,11.44,24.0,12.56,8.69,24.0,15.31,8.37,24.0,15.63,7.76,24.0,16.24,7.97,24.0,16.03,7.75,24.0,16.25,6.55,24.0,17.45,7.11,24.0,16.89,6.36,24.0,17.64
Linnmill,Lesmahagow,9.04,10.0,0.96,9.09,10.0,0.91,8.6,10.0,1.4,8.43,10.0,1.57,10.7,10.0,-0.7,10.84,10.0,-0.84,10.81,24.0,13.19,10.85,24.0,13.15,8.89,24.0,15.11,8.15,24.0,15.85,9.06,24.0,14.94,8.28,24.0,15.72
Linnmill,Symington,3.56,10.0,6.44,3.65,10.0,6.35,5.2,10.0,4.8,5.86,10.0,4.14,7.22,10.0,2.78,6.83,10.0,3.17,5.23,10.0,4.77,6.47,10.0,3.53,6.03,10.0,3.97,5.62,10.0,4.38,5.98,10.0,4.02,6.13,10.0,3.87
Livingston East,Dedridge,11.12,24.0,12.88,9.37,24.0,14.63,10.01,24.0,13.99,9.78,24.0,14.22,9.58,24.0,14.42,8.52,24.0,15.48,8.52,24.0,15.48,6.96,24.0,17.04,8.59,24.0,15.41,8.28,24.0,15.72,8.2,24.0,15.8,8.57,24.0,15.43
Livingston East,Kirknewton,6.73,10.0,3.27,7.0,10.0,3.0,7.63,10.0,2.37,6.42,10.0,3.58,7.03,10.0,2.97,6.76,10.0,3.24,7.24,10.0,2.76,6.46,10.0,3.54,5.97,10.0,4.03,5.9,10.0,4.1,6.36,10.0,3.64,5.97,10.0,4.03
Maybole,Girvan,10.29,24.0,13.71,12.84,24.0,11.16,12.06,24.0,11.94,15.35,24.0,8.65,15.05,24.0,8.95,15.8,24.0,8.2,15.1,24.0,8.9,14.12,24.0,9.88,14.59,24.0,9.41,16.11,24.0,7.89,10.67,24.0,13.33,11.13,24.0,12.87
Maybole,Maybole (Primary),5.38,10.0,4.62,8.13,10.0,1.87,7.46,10.0,2.54,7.11,10.0,2.89,7.15,10.0,2.85,7.44,10.0,2.56,6.74,10.0,3.26,7.33,10.0,2.67,6.98,10.0,3.02,6.8,10.0,3.2,6.97,10.0,3.03,7.27,10.0,2.73
Newarthill,Chapelhall,,,,,,,0.0,0.0,0.0,0.0,0.0,0.0,0.65,24.0,23.35,0.99,24.0,23.01,1.02,24.0,22.98,1.02,24.0,22.98,2.81,24.0,21.19,3.3,24.0,20.7,3.6,24.0,20.4,3.59,24.0,20.41
Newarthill,Shotts,15.51,24.0,8.49,12.36,24.0,11.64,10.51,24.0,13.49,11.18,24.0,12.82,12.6,24.0,11.4,12.74,24.0,11.26,11.15,24.0,12.85,11.49,24.0,12.51,10.51,24.0,13.49,10.28,24.0,13.72,9.98,24.0,14.02,9.89,24.0,14.11
Paisley,Glasgow Airport,10.75,21.0,10.25,8.92,21.0,12.08,8.91,21.0,12.09,9.32,21.0,11.68,9.86,21.0,11.14,9.5,21.0,11.5,9.86,21.0,11.14,10.12,21.0,10.88,7.68,21.0,13.32,8.27,21.0,12.73,9.56,21.0,11.44,9.71,21.0,11.29
Port Dundas,Flemington Street,14.8,23.0,8.2,8.29,23.0,14.71,6.18,23.0,16.82,5.42,23.0,17.58,11.27,23.0,11.73,11.13,23.0,11.87,10.87,23.0,12.13,9.2,23.0,13.8,10.42,23.0,12.58,9.55,23.0,13.45,10.41,23.0,12.59,9.55,23.0,13.45
Port Dundas,Grant Street,16.03,21.0,4.97,14.61,21.0,6.39,14.96,21.0,6.04,13.23,21.0,7.77,13.34,21.0,7.66,13.07,21.0,7.93,12.51,24.0,11.49,12.15,24.0,11.85,10.89,24.0,13.11,11.49,24.0,12.51,12.63,21.0,8.37,12.04,21.0,8.96
Portobello,Lochend Quadrant,5.77,10.0,4.23,8.48,10.0,1.52,6.26,10.0,3.74,5.88,10.0,4.12,6.44,10.0,3.56,6.79,10.0,3.21,6.19,10.0,3.81,6.47,10.0,3.53,8.36,10.0,1.64,6.32,10.0,3.68,3.9,10.0,6.1,4.33,10.0,5.67
Portobello,Monktonhall,16.43,20.0,3.57,14.74,20.0,5.26,15.07,20.0,4.93,15.03,20.0,4.97,17.2,20.0,2.8,17.12,20.0,2.88,15.81,24.0,8.19,17.34,24.0,6.66,15.93,24.0,8.07,16.16,24.0,7.84,15.58,24.0,8.42,14.83,24.0,9.17
Saltcoats A,Byrehill,10.21,24.0,13.79,9.03,24.0,14.97,7.79,24.0,16.21,8.08,24.0,15.92,8.46,24.0,15.54,8.67,24.0,15.33,8.04,24.0,15.96,6.91,24.0,17.09,7.47,24.0,16.53,9.52,24.0,14.48,7.74,24.0,16.26,7.8,24.0,16.2
Saltcoats A,Saltcoats Main,17.08,40.0,22.92,16.91,40.0,23.09,16.94,40.0,23.06,16.73,40.0,23.27,16.02,40.0,23.98,15.52,40.0,24.48,14.82,40.0,25.18,13.97,40.0,26.03,14.93,40.0,25.07,14.74,40.0,25.26,12.31,34.04,21.73,12.52,34.04,21.52
Saltcoats B,Fairlie,9.06,14.0,4.94,10.49,14.0,3.51,7.48,14.0,6.52,1.5,14.0,12.5,1.42,14.0,12.58,1.71,14.0,12.29,1.29,24.0,22.71,1.33,24.0,22.67,1.48,24.0,22.52,1.31,24.0,22.69,1.3,14.0,12.7,1.4,14.0,12.6
Saltcoats B,Kilbirnie,14.18,23.0,8.82,14.57,23.0,8.43,17.91,23.0,5.09,14.08,23.0,8.92,14.37,23.0,8.63,13.97,23.0,9.03,15.09,23.0,7.91,13.33,23.0,9.67,14.29,23.0,8.71,13.66,23.0,9.34,13.71,23.0,9.29,12.38,23.0,10.62
Saltcoats B,Ravenspark,3.68,21.0,17.32,11.15,21.0,9.85,9.05,21.0,11.95,9.33,21.0,11.67,10.2,21.0,10.8,8.95,21.0,12.05,7.44,21.0,13.56,6.63,21.0,14.37,7.88,21.0,13.12,8.13,21.0,12.87,8.1,21.0,12.9,7.89,21.0,13.11
Shrubhill,East Trinity Road,5.57,24.0,18.43,4.5,24.0,19.5,6.63,24.0,17.37,7.77,24.0,16.23,7.32,24.0,16.68,9.07,24.0,14.93,7.39,24.0,16.61,7.31,24.0,16.69,7.13,24.0,16.87,7.0,24.0,17.0,6.58,24.0,17.42,7.24,24.0,16.76
Shrubhill,Henderson Row,12.96,24.0,11.04,11.74,24.0,12.26,9.37,24.0,14.63,8.28,24.0,15.72,10.62,24.0,13.38,9.01,24.0,14.99,10.05,24.0,13.95,9.15,24.0,14.85,8.14,24.0,15.86,8.42,24.0,15.58,8.27,24.0,15.73,7.18,24.0,16.82
Sighthill,Sighthill Farm,18.26,21.0,2.74,17.28,21.0,3.72,17.55,21.0,3.45,17.33,21.0,3.67,16.2,21.0,4.8,16.85,21.0,4.15,14.83,24.0,9.17,14.75,24.0,9.25,15.93,24.0,8.07,13.91,24.0,10.09,14.62,21.0,6.38,14.53,21.0,6.47
Sighthill,South Gyle,18.74,24.0,5.26,18.35,24.0,5.65,19.12,24.0,4.88,15.13,24.0,8.87,16.33,24.0,7.67,15.84,24.0,8.16,15.93,24.0,8.07,15.45,24.0,8.55,11.0,24.0,13.0,11.21,24.0,12.79,11.35,24.0,12.65,10.6,24.0,13.4
Spango Valley,Caddlehill,11.55,24.0,12.45,11.58,24.0,12.42,13.96,24.0,10.04,13.23,24.0,10.77,13.41,24.0,10.59,12.86,24.0,11.14,11.72,24.0,12.28,11.29,24.0,12.71,11.98,24.0,12.02,11.84,24.0,12.16,10.92,24.0,13.08,10.85,24.0,13.15
Spango Valley,Finnock Bog,6.86,10.0,3.14,5.97,10.0,4.03,6.04,10.0,3.96,5.2,10.0,4.8,5.03,10.0,4.97,5.24,10.0,4.76,4.96,10.0,5.04,4.94,10.0,5.06,5.18,10.0,4.82,5.35,10.0,4.65,4.18,10.0,5.82,4.28,10.0,5.72
Spango Valley,Inverkip Road,5.41,21.0,15.59,6.32,21.0,14.68,5.32,21.0,15.68,5.39,21.0,15.61,4.95,21.0,16.05,5.04,21.0,15.96,4.84,21.0,16.16,4.76,21.0,16.24,4.88,21.0,16.12,4.6,21.0,16.4,4.57,21.0,16.43,3.89,21.0,17.11
St Andrews Cross,Admiral Street,13.1,21.0,7.9,11.47,21.0,9.53,12.16,21.0,8.84,11.63,21.0,9.37,12.02,21.0,8.98,11.36,21.0,9.64,10.63,21.0,10.37,10.68,21.0,10.32,9.7,21.0,11.3,10.45,21.0,10.55,12.23,21.0,8.77,,,
St Andrews Cross,Leslie Street,13.03,21.0,7.97,11.79,21.0,9.21,11.77,21.0,9.23,11.55,21.0,9.45,11.1,21.0,9.9,10.85,21.0,10.15,9.17,21.0,11.83,9.0,21.0,12.0,8.59,21.0,12.41,8.58,21.0,12.42,9.89,21.0,11.11,11.76,21.0,9.24
St Andrews Cross,St Andrews Cross,2.07,21.0,18.93,2.76,21.0,18.24,2.71,21.0,18.29,2.5,21.0,18.5,4.73,21.0,16.27,4.92,21.0,16.08,4.98,21.0,16.02,4.99,21.0,16.01,5.69,21.0,15.31,4.99,21.0,16.01,5.21,21.0,15.79,6.7,21.0,14.3
Stirling,Forth Street,13.62,24.0,10.38,13.09,24.0,10.91,13.09,24.0,10.91,13.4,24.0,10.6,14.91,24.0,9.09,12.8,24.0,11.2,11.18,24.0,12.82,10.16,24.0,13.84,7.72,24.0,16.28,8.39,24.0,15.61,7.76,24.0,16.24,6.95,24.0,17.05
Stirling,St Ninians,12.06,24.0,11.94,14.62,24.0,9.38,14.88,24.0,9.12,19.51,24.0,4.49,15.62,24.0,8.38,14.74,24.0,9.26,14.83,24.0,9.17,13.81,24.0,10.19,14.23,24.0,9.77,13.89,24.0,10.11,13.28,17.43,4.15,13.43,17.43,4.0
Stirling,Stirling,2.88,24.0,21.12,10.32,24.0,13.68,9.56,24.0,14.44,9.89,24.0,14.11,9.78,24.0,14.22,9.31,24.0,14.69,10.27,24.0,13.73,8.5,24.0,15.5,7.84,24.0,16.16,8.8,24.0,15.2,8.41,24.0,15.59,8.28,24.0,15.72
Strathaven,Hamilton,4.78,21.0,16.22,16.08,21.0,4.92,16.66,21.0,4.34,16.43,21.0,4.57,19.52,21.0,1.48,19.12,21.0,1.88,18.88,21.0,2.12,14.63,21.0,6.37,12.95,21.0,8.05,13.41,21.0,7.59,15.0,21.0,6.0,13.73,21.0,7.27
Strathaven,Neilsland,16.78,21.0,4.22,14.34,21.0,6.66,14.4,21.0,6.6,13.23,21.0,7.77,12.76,21.0,8.24,13.74,21.0,7.26,13.26,21.0,7.74,11.73,21.0,9.27,12.94,21.0,8.06,10.89,21.0,10.11,11.06,21.0,9.94,10.62,21.0,10.38
Strathaven,Strathaven,,,,,,,,,,,,,,,,,,,8.23,24.0,15.77,7.91,24.0,16.09,8.97,24.0,15.03,9.04,24.0,14.96,8.86,21.67,12.81,9.05,21.67,12.62
Strathleven,Balloch,18.12,23.0,4.88,10.74,23.0,12.26,14.18,23.0,8.82,13.45,23.0,9.55,12.71,23.0,10.29,13.36,23.0,9.64,11.79,23.0,11.21,11.69,23.0,11.31,11.82,23.0,11.18,12.1,23.0,10.9,12.75,23.0,10.25,11.81,23.0,11.19
Telford Road,Muirhouse Bank,5.77,21.0,15.23,9.07,21.0,11.93,8.41,21.0,12.59,5.12,21.0,15.88,5.52,21.0,15.48,5.14,21.0,15.86,5.04,21.0,15.96,4.83,21.0,16.17,8.56,21.0,12.44,10.71,21.0,10.29,11.2,21.0,9.8,10.68,21.0,10.32
Telford Road,Pennywell Road,11.82,21.0,9.18,11.62,21.0,9.38,10.85,21.0,10.15,9.86,21.0,11.14,9.73,21.0,11.27,9.89,21.0,11.11,9.7,21.0,11.3,10.16,21.0,10.84,6.54,21.0,14.46,9.6,21.0,11.4,8.6,21.0,12.4,8.81,21.0,12.19
West George Street,Elliot Street,,,,,,,17.91,23.0,5.09,15.94,23.0,7.06,15.81,23.0,7.19,15.72,23.0,7.28,14.84,23.0,8.16,14.67,23.0,8.33,11.82,23.0,11.18,12.95,23.0,10.05,14.41,23.0,8.59,10.37,23.0,12.63
Westburn Road,Frankfield,,,,,,,,,,10.88,23.0,12.12,10.92,23.0,12.08,11.13,23.0,11.87,9.89,23.0,13.11,10.85,23.0,12.15,9.63,23.0,13.37,9.77,23.0,13.23,9.74,23.0,13.26,9.61,23.0,13.39
Westburn Road,Whitlawburn,,,,,,,18.54,40.0,21.46,20.86,40.0,19.14,18.95,40.0,21.05,19.48,40.0,20.52,19.4,40.0,20.6,19.05,40.0,20.95,20.33,40.0,19.67,18.54,40.0,21.46,19.19,40.0,20.81,17.83,40.0,22.17
Whitehouse,Martin Miller,13.96,24.0,10.04,12.97,24.0,11.03,14.7,24.0,9.3,14.57,24.0,9.43,12.23,24.0,11.77,10.36,24.0,13.64,10.24,24.0,13.76,10.24,24.0,13.76,13.1,24.0,10.9,16.94,24.0,7.06,12.77,24.0,11.23,10.3,24.0,13.7
Whitehouse,Mortonhall,9.66,21.0,11.34,9.38,21.0,11.62,9.09,21.0,11.91,5.18,21.0,15.82,5.13,21.0,15.87,5.16,21.0,15.84,5.09,21.0,15.91,4.64,21.0,16.36,5.05,21.0,15.95,4.88,21.0,16.12,4.58,21.0,16.42,4.72,21.0,16.28
Wishaw,Leven Street,11.52,24.0,12.48,10.47,24.0,13.53,10.87,24.0,13.13,10.27,24.0,13.73,10.39,24.0,13.61,10.73,24.0,13.27,10.74,24.0,13.26,9.32,24.0,14.68,8.52,24.0,15.48,8.53,24.0,15.47,9.22,24.0,14.78,8.4,24.0,15.6
Wishaw,Watling Street,7.43,21.0,13.57,7.01,21.0,13.99,11.45,21.0,9.55,13.06,21.0,7.94,11.46,21.0,9.54,11.15,21.0,9.85,10.17,21.0,10.83,10.11,21.0,10.89,10.38,21.0,10.62,9.87,21.0,11.13,10.31,21.0,10.69,9.54,21.0,11.46
Ayr,Mill Street,19.87,21.0,1.13,21.62,21.0,-0.62,18.98,21.0,2.02,17.68,21.0,3.32,17.59,21.0,3.41,17.85,21.0,3.15,16.51,21.0,4.49,16.81,21.0,4.19,17.19,21.0,3.81,14.93,21.0,6.07,15.92,21.0,5.08,14.83,21.0,6.17
Ayr,Old Bridge Road,,,,,,,11.64,24.0,12.36,11.7,24.0,12.3,10.93,24.0,13.07,10.67,24.0,13.33,9.95,24.0,14.05,9.38,24.0,14.62,9.78,24.0,14.22,9.94,24.0,14.06,9.65,24.0,14.35,9.19,24.0,14.81
Bainsford,Callendar,14.25,21.0,6.75,18.97,21.0,2.03,13.77,21.0,7.23,11.77,21.0,9.23,12.07,21.0,8.93,11.99,21.0,9.01,12.4,21.0,8.6,11.5,21.0,9.5,11.61,21.0,9.39,13.52,21.0,7.48,11.97,21.0,9.03,9.39,21.0,11.61
Bathgate,Armadale,10.48,10.0,-0.48,11.76,10.0,-1.76,12.51,24.0,11.49,13.26,24.0,10.74,12.58,24.0,11.42,12.38,24.0,11.62,16.7,24.0,7.3,16.7,24.0,7.3,12.56,24.0,11.44,11.72,24.0,12.28,13.43,24.0,10.57,12.23,24.0,11.77
Bathgate,Blackburn,6.71,10.0,3.29,6.81,10.0,3.19,7.8,10.0,2.2,5.7,10.0,4.3,6.26,10.0,3.74,6.35,10.0,3.65,6.1,10.0,3.9,5.94,10.0,4.06,5.98,10.0,4.02,5.62,10.0,4.38,6.04,10.0,3.96,5.6,10.0,4.4
Bathgate,Muckraw,5.74,10.0,4.26,5.75,10.0,4.25,5.15,10.0,4.85,5.98,14.0,8.02,7.73,14.0,6.27,7.56,14.0,6.44,7.71,14.0,6.29,7.68,14.0,6.32,6.92,14.0,7.08,7.14,14.0,6.86,7.77,14.0,6.23,6.4,14.0,7.6
Bathgate,Polkemmet,9.99,23.0,13.01,12.14,23.0,10.86,11.57,23.0,11.43,13.11,23.0,9.89,11.49,23.0,11.51,11.11,23.0,11.89,11.86,23.0,11.14,11.97,23.0,11.03,12.78,23.0,10.22,12.24,23.0,10.76,11.55,23.0,11.45,12.15,23.0,10.85
Bathgate,Pyramid,,,,,,,1.43,23.0,21.57,3.95,23.0,19.05,4.4,24.0,19.6,5.01,24.0,18.99,5.01,24.0,18.99,7.9,24.0,16.1,6.95,24.0,17.05,7.23,24.0,16.77,7.64,24.0,16.36,7.62,24.0,16.38
Berwick,Horncliffe,1.35,2.5,1.15,1.61,2.5,0.89,1.21,2.5,1.29,1.18,2.5,1.32,1.32,2.5,1.18,1.32,2.5,1.18,1.31,2.5,1.19,1.22,2.5,1.28,0.92,2.5,1.58,1.14,2.5,1.36,1.09,2.5,1.41,1.08,2.5,1.42
Bonnybridge,Falkirk,13.48,21.0,7.52,12.04,21.0,8.96,12.11,21.0,8.89,12.38,21.0,8.62,12.33,21.0,8.67,12.93,21.0,8.07,12.39,21.0,8.61,12.41,21.0,8.59,14.1,21.0,6.9,11.63,21.0,9.37,10.54,21.0,10.46,9.97,21.0,11.03
Bonnybridge,Kilsyth,15.41,24.0,8.59,13.13,24.0,10.87,14.25,24.0,9.75,13.97,24.0,10.03,13.16,24.0,10.84,13.46,24.0,10.54,13.77,24.0,10.23,13.03,24.0,10.97,12.31,24.0,11.69,12.23,24.0,11.77,12.72,24.0,11.28,11.61,24.0,12.39
Bonnybridge,Myothill,15.18,24.0,8.82,13.79,24.0,10.21,14.8,24.0,9.2,14.7,24.0,9.3,14.43,24.0,9.57,15.08,24.0,8.92,14.19,24.0,9.81,13.79,24.0,10.21,11.35,24.0,12.65,14.32,24.0,9.68,13.62,24.0,10.38,12.99,24.0,11.01
Broxburn,South Queensferry,10.34,24.0,13.66,10.2,24.0,13.8,10.21,24.0,13.79,10.92,24.0,13.08,10.86,24.0,13.14,11.16,24.0,12.84,10.76,24.0,13.24,10.28,24.0,13.72,10.31,24.0,13.69,9.75,24.0,14.25,9.71,24.0,14.29,9.82,24.0,14.18
Carntyne,Eckford Street,12.14,21.0,8.86,10.66,21.0,10.34,11.37,21.0,9.63,14.24,21.0,6.76,17.25,21.0,3.75,14.21,21.0,6.79,13.31,21.0,7.69,11.89,21.0,9.11,11.37,21.0,9.63,10.8,21.0,10.2,10.1,21.0,10.9,11.72,21.0,9.28
Chapelcross,Annan,9.4,24.0,14.6,11.6,24.0,12.4,13.19,24.0,10.81,12.29,24.0,11.71,11.64,24.0,12.36,12.12,24.0,11.88,11.7,24.0,12.3,10.87,24.0,13.13,12.42,24.0,11.58,11.06,24.0,12.94,11.48,24.0,12.52,9.47,24.0,14.53
Chapelcross,Gretna,7.48,5.0,-2.48,8.74,5.0,-3.74,7.17,24.0,16.83,7.1,24.0,16.9,6.89,24.0,17.11,7.1,24.0,16.9,6.72,24.0,17.28,6.13,24.0,17.87,6.05,24.0,17.95,7.28,24.0,16.72,8.55,24.0,15.45,7.46,24.0,16.54
Chapelcross,Kirkbank,1.46,5.0,3.54,1.29,5.0,3.71,1.05,5.0,3.95,1.24,5.0,3.76,1.4,1.7,0.3,1.37,1.7,0.33,1.85,5.0,3.15,1.56,5.0,3.44,1.57,5.0,3.43,1.85,5.0,3.15,1.84,7.5,5.66,1.84,7.5,5.66
Charlotte Street,Carmunnock Road,9.41,23.0,13.59,9.13,23.0,13.87,9.34,23.0,13.66,9.32,23.0,13.68,10.24,23.0,12.76,9.15,23.0,13.85,8.0,24.0,16.0,7.93,24.0,16.07,8.21,24.0,15.79,7.38,24.0,16.62,7.58,23.0,15.42,8.27,23.0,14.73
Charlotte Street,Hunter Street,14.9,23.0,8.1,19.5,23.0,3.5,16.5,23.0,6.5,15.16,23.0,7.84,15.24,23.0,7.76,16.35,23.0,6.65,16.67,23.0,6.33,15.43,23.0,7.57,13.27,23.0,9.73,13.91,23.0,9.09,15.38,23.0,7.62,13.08,23.0,9.92
Charlotte Street,Rottenrow B,8.33,24.0,15.67,7.36,24.0,16.64,7.9,24.0,16.1,7.49,24.0,16.51,9.02,24.0,14.98,9.47,24.0,14.53,8.42,24.0,15.58,8.38,24.0,15.62,5.55,24.0,18.45,7.29,24.0,16.71,8.28,24.0,15.72,7.44,24.0,16.56
Coatbridge,Coats Street,20.83,21.0,0.17,16.14,21.0,4.86,16.14,21.0,4.86,17.52,21.0,3.48,16.21,21.0,4.79,16.31,21.0,4.69,15.96,21.0,5.04,15.02,21.0,5.98,15.66,21.0,5.34,14.22,21.0,6.78,14.43,21.0,6.57,14.21,21.0,6.79
Cockenzie,Peppercraigs,11.51,10.0,-1.51,11.97,10.0,-1.97,11.11,15.0,3.89,10.92,15.0,4.08,12.05,15.0,2.95,12.06,15.0,2.94,11.22,24.0,12.78,11.62,24.0,12.38,11.7,24.0,12.3,13.31,24.0,10.69,11.74,24.0,12.26,11.67,24.0,12.33
Cockenzie,Prestonpans,10.57,7.5,-3.07,11.07,7.5,-3.57,12.9,24.0,11.1,10.05,24.0,13.95,9.72,24.0,14.28,9.71,24.0,14.29,9.24,24.0,14.76,9.8,24.0,14.2,10.0,24.0,14.0,9.49,24.0,14.51,9.31,24.0,14.69,9.98,24.0,14.02
Coylton,Darvel,1.93,10.0,8.07,2.35,10.0,7.65,1.74,10.0,8.26,1.89,10.0,8.11,2.22,10.0,7.78,2.16,10.0,7.84,2.1,10.0,7.9,2.19,10.0,7.81,1.91,10.0,8.09,1.71,10.0,8.29,1.3,10.0,8.7,,,
Coylton,Lethanhill,6.22,10.0,3.78,4.36,10.0,5.64,4.03,10.0,5.97,4.08,10.0,5.92,3.85,10.0,6.15,3.61,10.0,6.39,3.33,24.0,20.67,3.58,24.0,20.42,3.5,24.0,20.5,3.34,24.0,20.66,3.32,16.92,13.6,3.24,16.92,13.68
Crookston A,Ralston,15.04,21.0,5.96,13.95,21.0,7.05,14.18,21.0,6.82,13.5,21.0,7.5,13.47,21.0,7.53,13.83,21.0,7.17,13.86,21.0,7.14,12.09,21.0,8.91,14.31,21.0,6.69,12.76,21.0,8.24,12.8,21.0,8.2,11.89,21.0,9.11
Crookston B,Aurs Road,10.57,24.0,13.43,7.38,24.0,16.62,9.17,24.0,14.83,9.83,24.0,14.17,10.13,24.0,13.87,10.08,24.0,13.92,8.94,24.0,15.06,12.85,24.0,11.15,10.42,24.0,13.58,9.61,24.0,14.39,9.26,24.0,14.74,9.02,24.0,14.98
Crookston B,Barrhead,8.42,21.0,12.58,7.29,21.0,13.71,9.36,21.0,11.64,8.0,21.0,13.0,7.06,21.0,13.94,7.26,21.0,13.74,6.68,21.0,14.32,6.52,21.0,14.48,6.96,21.0,14.04,6.31,21.0,14.69,6.68,21.0,14.32,6.69,21.0,14.31
Crookston B,Linthaugh Road,10.57,24.0,13.43,8.63,24.0,15.37,9.7,24.0,14.3,8.58,24.0,15.42,10.19,24.0,13.81,7.64,24.0,16.36,7.63,24.0,16.37,8.53,24.0,15.47,8.42,24.0,15.58,6.4,24.0,17.6,8.78,24.0,15.22,8.33,24.0,15.67
Cumbernauld,Abronhill,3.72,24.0,20.28,3.83,24.0,20.17,3.16,24.0,20.84,3.13,24.0,20.87,3.04,24.0,20.96,2.93,24.0,21.07,2.92,24.0,21.08,2.65,24.0,21.35,2.77,24.0,21.23,2.82,24.0,21.18,2.65,24.0,21.35,2.31,24.0,21.69
Cupar,Auchtermuchty,6.66,10.0,3.34,5.3,10.0,4.7,4.02,10.0,5.98,4.05,10.0,5.95,3.99,10.0,6.01,3.96,10.0,6.04,3.8,10.0,6.2,3.87,10.0,6.13,4.25,10.0,5.75,4.0,10.0,6.0,3.86,10.0,6.14,3.86,10.0,6.14
Currie 11Kv,Currie 11Kv,,,,,,,,,,7.64,30.0,22.36,8.23,30.0,21.77,8.28,30.0,21.72,8.33,30.0,21.67,8.34,30.0,21.66,10.54,30.0,19.46,10.8,30.0,19.2,10.65,30.0,19.35,10.57,30.0,19.43
Dalmarnock,Cambuslang,,,,6.9,24.0,17.1,7.25,24.0,16.75,6.68,24.0,17.32,6.24,24.0,17.76,6.72,24.0,17.28,6.42,24.0,17.58,6.39,24.0,17.61,5.46,24.0,18.54,5.16,24.0,18.84,6.18,24.0,17.82,6.49,24.0,17.51
Dalmarnock,Eastercraigs,,,,15.11,21.0,5.89,15.02,21.0,5.98,14.96,21.0,6.04,13.39,21.0,7.61,13.24,21.0,7.76,13.3,21.0,7.7,12.13,21.0,8.87,11.7,21.0,9.3,11.33,21.0,9.67,11.95,21.0,9.05,11.1,21.0,9.9
Devol Moor,Port Glasgow,12.49,21.0,8.51,8.56,21.0,12.44,8.27,21.0,12.73,7.8,21.0,13.2,7.97,21.0,13.03,7.13,21.0,13.87,6.8,21.0,14.2,7.19,21.0,13.81,6.85,21.0,14.15,6.73,21.0,14.27,6.57,12.0,5.43,6.54,12.0,5.46
Devonside,Dollar,2.98,7.5,4.52,3.82,7.5,3.68,3.53,7.5,3.97,4.46,7.5,3.04,3.19,7.5,4.31,2.78,7.5,4.72,2.58,7.5,4.92,2.57,7.5,4.93,4.53,7.5,2.97,4.99,7.5,2.51,2.75,7.5,4.75,2.54,7.5,4.96
Dewar Place,Cowgate,21.14,21.0,-0.14,19.74,21.0,1.26,17.59,21.0,3.41,16.08,21.0,4.92,13.29,21.0,7.71,19.22,21.0,1.78,18.7,21.0,2.3,15.08,21.0,5.92,9.04,21.0,11.96,11.61,21.0,9.39,12.6,21.0,8.4,16.16,21.0,4.84
Dewar Place,Randolph Lane,15.4,24.0,8.6,11.17,24.0,12.83,7.95,24.0,16.05,8.11,24.0,15.89,7.5,24.0,16.5,7.62,24.0,16.38,11.0,24.0,13.0,9.39,24.0,14.61,6.11,24.0,17.89,6.77,24.0,17.23,7.55,24.0,16.45,7.08,24.0,16.92
Drumchapel,Craigdhu Road,9.95,24.0,14.05,9.95,24.0,14.05,10.71,24.0,13.29,8.58,24.0,15.42,8.6,24.0,15.4,8.67,24.0,15.33,8.05,24.0,15.95,8.36,24.0,15.64,8.32,24.0,15.68,7.63,24.0,16.37,9.02,24.0,14.98,7.28,24.0,16.72
Drumchapel,Hecla Avenue,3.42,21.0,17.58,3.43,21.0,17.57,3.2,21.0,17.8,6.06,21.0,14.94,5.97,21.0,15.03,5.97,21.0,15.03,6.0,21.0,15.0,5.57,21.0,15.43,5.47,21.0,15.53,5.48,21.0,15.52,6.0,21.0,15.0,5.27,21.0,15.73
Dumfries,Dunscore,1.15,5.0,3.85,1.15,5.0,3.85,1.18,5.0,3.82,1.2,5.0,3.8,1.2,5.0,3.8,1.2,5.0,3.8,1.2,7.5,6.3,1.2,7.5,6.3,1.2,7.5,6.3,1.2,7.5,6.3,1.36,10.0,8.64,1.52,10.0,8.48
Dumfries,Penpont,3.3,10.0,6.7,3.42,10.0,6.58,3.94,10.0,6.06,3.68,10.0,6.32,4.05,10.0,5.95,4.62,10.0,5.38,4.69,10.0,5.31,5.06,10.0,4.94,5.18,10.0,4.82,5.24,10.0,4.76,5.61,10.0,4.39,5.18,10.0,4.82
Dunbar A,Belhaven Forth,5.56,10.0,4.44,5.11,10.0,4.89,3.94,10.0,6.06,4.81,10.0,5.19,5.57,10.0,4.43,4.47,10.0,5.53,4.23,10.0,5.77,4.81,10.0,5.19,4.3,10.0,5.7,4.16,10.0,5.84,4.13,10.0,5.87,4.13,10.0,5.87
Dunbar A,North Berwick,10.18,10.0,-0.18,8.22,10.0,1.78,9.91,10.0,0.09,10.23,10.0,-0.23,9.91,10.0,0.09,10.08,10.0,-0.08,10.12,24.0,13.88,10.1,24.0,13.9,10.56,24.0,13.44,10.54,24.0,13.46,10.21,18.0,7.79,10.04,18.0,7.96
Dunbar B,Spott Road,5.56,10.0,4.44,5.33,10.0,4.67,3.73,10.0,6.27,3.49,10.0,6.51,3.62,10.0,6.38,3.85,10.0,6.15,3.65,10.0,6.35,3.8,10.0,6.2,4.1,10.0,5.9,3.93,10.0,6.07,3.91,10.0,6.09,3.83,10.0,6.17
Dunfermline,Calais B,9.0,23.0,14.0,10.68,23.0,12.32,8.82,23.0,14.18,9.4,23.0,13.6,18.88,23.0,4.12,9.85,23.0,13.15,8.81,23.0,14.19,8.88,23.0,14.12,1.97,23.0,21.03,9.04,23.0,13.96,8.94,23.0,14.06,6.12,23.0,16.88
Dunfermline,Halbeath,,,,,,,,,,,,,,,,,,,,,,,,,,,,,,,,,,5.55,32.0,26.45
Dunfermline,Longannet,4.8,10.0,5.2,6.55,10.0,3.45,5.98,10.0,4.02,5.36,10.0,4.64,3.62,10.0,6.38,3.39,10.0,6.61,3.27,10.0,6.73,3.27,10.0,6.73,3.95,10.0,6.05,3.67,10.0,6.33,3.01,10.0,6.99,2.91,10.0,7.09
East Kilbride,Hunter,6.18,23.0,16.82,6.88,23.0,16.12,5.41,23.0,17.59,6.03,23.0,16.97,4.96,23.0,18.04,5.18,23.0,17.82,4.83,24.0,19.17,4.9,24.0,19.1,4.9,24.0,19.1,4.59,24.0,19.41,4.61,20.86,16.25,4.36,20.86,16.5
East Kilbride,Markethill,15.38,24.0,8.62,17.69,24.0,6.31,15.62,24.0,8.38,16.69,24.0,7.31,14.84,24.0,9.16,12.65,24.0,11.35,11.53,24.0,12.47,12.36,24.0,11.64,11.22,24.0,12.78,11.3,24.0,12.7,10.9,24.0,13.1,10.25,24.0,13.75
East Kilbride South,Jackton,,,,,,,,,,,,,,,,,24.0,24.0,4.54,24.0,19.46,6.04,24.0,17.96,4.47,24.0,19.53,3.87,24.0,20.13,3.89,24.0,20.11,4.15,24.0,19.85
Easterhouse,Consett Street,14.45,21.0,6.55,13.65,21.0,7.35,14.31,21.0,6.69,14.2,21.0,6.8,14.11,21.0,6.89,14.57,21.0,6.43,14.42,21.0,6.58,14.82,21.0,6.18,14.95,21.0,6.05,14.49,21.0,6.51,13.97,21.0,7.03,13.1,21.0,7.9
Easterhouse,Kirkintilloch,16.08,21.0,4.92,18.69,21.0,2.31,19.37,21.0,1.63,15.31,21.0,5.69,15.3,21.0,5.7,14.94,21.0,6.06,13.79,21.0,7.21,13.9,21.0,7.1,13.38,21.0,7.62,15.84,21.0,5.16,13.51,21.0,7.49,12.67,21.0,8.33
Easterhouse,Stepford,4.9,21.0,16.1,8.39,21.0,12.61,8.04,21.0,12.96,7.58,21.0,13.42,7.29,21.0,13.71,7.27,21.0,13.73,7.44,21.0,13.56,6.72,21.0,14.28,5.84,21.0,15.16,6.4,21.0,14.6,6.87,21.0,14.13,6.73,21.0,14.27
Eccles,Chirnside,9.42,10.0,0.58,8.59,10.0,1.41,9.36,13.0,3.64,9.68,13.0,3.32,9.36,13.0,3.64,9.22,13.0,3.78,9.02,24.0,14.98,8.85,24.0,15.15,9.18,24.0,14.82,8.57,24.0,15.43,11.51,19.0,7.49,10.2,19.0,8.8
Eccles,Duns,6.16,5.0,-1.16,5.96,5.0,-0.96,5.89,10.0,4.11,6.72,10.0,3.28,6.19,10.0,3.81,6.24,10.0,3.76,5.87,7.5,1.63,5.8,7.5,1.7,5.85,7.5,1.65,5.86,7.5,1.64,5.44,10.0,4.56,5.45,10.0,4.55
Eccles,Greenlaw,1.2,5.0,3.8,1.05,5.0,3.95,1.12,5.0,3.88,0.97,5.0,4.03,1.23,5.0,3.77,1.02,5.0,3.98,0.97,5.0,4.03,0.95,5.0,4.05,0.98,5.0,4.02,0.83,5.0,4.17,0.83,5.0,4.17,0.89,5.0,4.11
Eccles,Yetholm,0.62,5.0,4.38,0.96,5.0,4.04,1.13,5.0,3.87,0.63,5.0,4.37,1.02,5.0,3.98,0.65,5.0,4.35,0.65,5.0,4.35,0.59,5.0,4.41,0.75,5.0,4.25,0.55,5.0,4.45,0.55,5.0,4.45,0.55,5.0,4.45
Elderslie,Foxbar,9.02,24.0,14.98,8.05,24.0,15.95,8.05,24.0,15.95,8.47,24.0,15.53,7.95,24.0,16.05,8.11,24.0,15.89,7.48,24.0,16.52,6.35,24.0,17.65,7.73,24.0,16.27,7.3,24.0,16.7,7.39,24.0,16.61,7.46,24.0,16.54
Elderslie,Underwood,22.96,21.0,-1.96,19.61,21.0,1.39,19.03,21.0,1.97,17.62,21.0,3.38,17.62,21.0,3.38,17.34,21.0,3.66,17.86,21.0,3.14,20.18,21.0,0.82,15.66,21.0,5.34,14.37,21.0,6.63,16.87,21.0,4.13,15.39,21.0,5.61
Finnieston,Sec Glasgow,,,,,,,,,,,,,,,,,,,,,,,,,,,,,,,,,,5.7,32.0,26.3
Finnieston,St Vincent Crescent,,,,,,,,,,5.85,40.0,34.15,8.62,24.0,15.38,8.05,24.0,15.95,7.37,24.0,16.63,11.15,24.0,12.85,7.85,24.0,16.15,9.83,24.0,14.17,11.36,24.0,12.64,8.88,24.0,15.12
Galashiels,Earlston (Borders),2.81,5.0,2.19,4.14,5.0,0.86,3.49,5.0,1.51,2.38,5.0,2.62,2.6,5.0,2.4,2.63,5.0,2.37,2.86,5.0,2.14,2.73,5.0,2.27,2.73,5.0,2.27,2.58,5.0,2.42,3.45,5.0,1.55,2.59,5.0,2.41
Galloway Hydros,Carsfad Hydro,,,,,,,,,,,,,,,,,,,,,,1.16,30.0,28.84,1.45,30.0,28.55,0.99,30.0,29.01,5.57,30.0,24.43,1.23,30.0,28.77
Giffnock,Berryhill Road,10.22,21.0,10.78,10.84,21.0,10.16,11.04,21.0,9.96,10.28,21.0,10.72,10.78,21.0,10.22,10.62,21.0,10.38,9.89,21.0,11.11,9.46,21.0,11.54,9.91,21.0,11.09,9.4,21.0,11.6,9.69,21.0,11.31,8.43,21.0,12.57
Giffnock,Castle,18.26,21.0,2.74,17.2,21.0,3.8,17.71,21.0,3.29,17.73,21.0,3.27,17.3,21.0,3.7,18.12,21.0,2.88,16.33,21.0,4.67,17.41,21.0,3.59,18.26,21.0,2.74,17.24,21.0,3.76,19.95,21.0,1.05,19.61,21.0,1.39
Giffnock,Clarkston,13.97,24.0,10.03,12.62,24.0,11.38,12.38,21.0,8.62,12.25,24.0,11.75,16.62,21.0,4.38,14.31,21.0,6.69,11.56,24.0,12.44,12.79,24.0,11.21,11.63,24.0,12.37,9.94,24.0,14.06,10.12,21.0,10.88,9.96,21.0,11.04
Giffnock,Newlands,13.07,21.0,7.93,16.87,21.0,4.13,13.94,21.0,7.06,14.4,21.0,6.6,15.12,21.0,5.88,12.95,21.0,8.05,6.93,21.0,14.07,6.76,21.0,14.24,7.45,21.0,13.55,8.49,21.0,12.51,7.72,21.0,13.28,7.98,21.0,13.02
Glenluce,Stranraer,16.52,19.0,2.48,17.2,19.0,1.8,14.15,19.0,4.85,13.75,19.0,5.25,13.87,19.0,5.13,13.83,19.0,5.17,11.44,19.0,7.56,12.17,19.0,6.83,11.76,19.0,7.24,11.79,19.0,7.21,12.68,15.2,2.52,11.62,15.2,3.58
Glenniston,Cluny Road,3.9,10.0,6.1,3.78,10.0,6.22,4.36,10.0,5.64,3.84,10.0,6.16,3.82,10.0,6.18,3.9,10.0,6.1,3.59,10.0,6.41,3.67,10.0,6.33,3.56,10.0,6.44,3.32,10.0,6.68,3.36,10.0,6.64,3.39,10.0,6.61
Glenrothes,Collydene,7.06,24.0,16.94,7.04,24.0,16.96,8.01,24.0,15.99,7.01,24.0,16.99,6.86,24.0,17.14,7.0,24.0,17.0,6.49,24.0,17.51,6.6,24.0,17.4,6.64,24.0,17.36,6.47,24.0,17.53,5.81,24.0,18.19,7.05,24.0,16.95
Glenrothes,Glenwood,8.82,21.0,12.18,11.22,21.0,9.78,9.98,21.0,11.02,9.0,21.0,12.0,11.18,21.0,9.82,11.99,21.0,9.01,11.03,21.0,9.97,11.6,21.0,9.4,9.59,21.0,11.41,8.92,21.0,12.08,9.04,21.0,11.96,10.53,21.0,10.47
Gorgie,S&N Breweries Viewforth,10.82,24.0,13.18,10.28,24.0,13.72,10.52,24.0,13.48,10.26,24.0,13.74,10.47,24.0,13.53,10.39,24.0,13.61,9.4,24.0,14.6,9.67,24.0,14.33,8.55,24.0,15.45,9.65,24.0,14.35,9.85,24.0,14.15,9.78,24.0,14.22
Grangemouth A,Boness Kinneil,8.74,10.0,1.26,7.92,10.0,2.08,5.05,10.0,4.95,5.38,10.0,4.62,4.98,10.0,5.02,5.12,10.0,4.88,4.76,10.0,5.24,4.42,10.0,5.58,4.68,10.0,5.32,4.29,10.0,5.71,4.32,10.0,5.68,4.2,10.0,5.8
Grangemouth A,Gauze Road,6.85,24.0,17.15,6.61,24.0,17.39,7.24,24.0,16.76,7.21,24.0,16.79,6.59,24.0,17.41,6.86,24.0,17.14,7.48,24.0,16.52,7.9,24.0,16.1,8.06,24.0,15.94,7.38,24.0,16.62,7.18,24.0,16.82,6.97,24.0,17.03
Grangemouth A,Linlithgow,11.79,24.0,12.21,12.13,24.0,11.87,12.62,24.0,11.38,12.04,24.0,11.96,12.13,24.0,11.87,12.12,24.0,11.88,11.33,24.0,12.67,10.79,24.0,13.21,10.75,24.0,13.25,10.06,24.0,13.94,10.08,24.0,13.92,9.2,24.0,14.8
Grangemouth A,Manuel,5.53,23.0,17.47,6.9,23.0,16.1,5.99,23.0,17.01,12.27,23.0,10.73,11.65,23.0,11.35,10.18,23.0,12.82,7.83,23.0,15.17,9.36,23.0,13.64,6.95,23.0,16.05,6.82,23.0,16.18,9.42,23.0,13.58,8.83,23.0,14.17
Haggs Road,Langside,20.47,21.0,0.53,18.55,21.0,2.45,19.48,21.0,1.52,18.37,21.0,2.63,17.59,21.0,3.41,18.34,21.0,2.66,15.91,21.0,5.09,15.33,21.0,5.67,15.88,21.0,5.12,15.52,21.0,5.48,16.27,21.0,4.73,13.74,21.0,7.26
Hawick,Commercial Road,13.72,24.0,10.28,12.76,24.0,11.24,13.23,24.0,10.77,12.82,24.0,11.18,12.77,24.0,11.23,13.15,24.0,10.85,12.51,24.0,11.49,12.78,24.0,11.22,12.06,24.0,11.94,12.0,24.0,12.0,11.68,13.52,1.84,11.3,13.52,2.22
Helensburgh,Craigendoran,9.87,24.0,14.13,8.24,24.0,15.76,1.96,24.0,22.04,9.68,24.0,14.32,9.98,24.0,14.02,10.03,24.0,13.97,9.36,24.0,14.64,9.18,24.0,14.82,9.73,24.0,14.27,10.33,24.0,13.67,10.17,24.0,13.83,10.37,24.0,13.63
Hunterston Farm,Hunterston (Primary),3.48,10.0,6.52,3.26,10.0,6.74,2.8,10.0,7.2,2.11,10.0,7.89,1.97,10.0,8.03,4.96,10.0,5.04,4.8,24.0,19.2,2.62,24.0,21.38,2.62,24.0,21.38,4.47,24.0,19.53,4.41,20.86,16.45,4.42,20.86,16.44
Johnstone,Johnstone (Primary),11.37,21.0,9.63,10.54,21.0,10.46,10.99,21.0,10.01,10.44,21.0,10.56,10.36,21.0,10.64,9.79,21.0,11.21,10.1,21.0,10.9,10.41,21.0,10.59,9.45,21.0,11.55,9.19,21.0,11.81,9.17,21.0,11.83,8.71,21.0,12.29
Johnstone,Lochwinnoch,1.52,7.5,5.98,2.31,7.5,5.19,2.45,7.5,5.05,2.52,7.5,4.98,2.31,7.5,5.19,2.62,7.5,4.88,2.13,7.5,5.37,2.09,7.5,5.41,2.24,7.5,5.26,2.54,7.5,4.96,2.31,7.5,5.19,2.06,7.5,5.44
Johnstone,Milliken,10.57,21.0,10.43,10.53,21.0,10.47,10.29,21.0,10.71,8.87,21.0,12.13,7.31,21.0,13.69,7.32,21.0,13.68,7.0,21.0,14.0,6.76,21.0,14.24,7.29,21.0,13.71,6.98,21.0,14.02,6.75,21.0,14.25,7.47,21.0,13.53
Kaimes,Kings Buildings,15.18,21.0,5.82,13.77,21.0,7.23,13.76,21.0,7.24,11.7,21.0,9.3,9.9,21.0,11.1,10.8,21.0,10.2,10.7,21.0,10.3,9.51,21.0,11.49,9.73,21.0,11.27,10.26,21.0,10.74,9.64,21.0,11.36,8.37,21.0,12.63
Kaimes,Kingsland,3.48,10.0,6.52,4.05,10.0,5.95,3.35,10.0,6.65,5.46,10.0,4.54,8.79,10.0,1.21,9.28,10.0,0.72,8.09,10.0,1.91,6.45,10.0,3.55,10.07,10.0,-0.07,10.39,10.0,-0.39,8.73,10.0,1.27,9.25,10.0,0.75
Kaimes,Lugton,4.11,11.5,7.39,15.93,11.5,-4.43,18.45,23.0,4.55,17.33,23.0,5.67,17.89,23.0,5.11,17.51,23.0,5.49,16.53,23.0,6.47,16.16,23.0,6.84,15.41,23.0,7.59,15.29,23.0,7.71,15.74,23.0,7.26,14.75,23.0,8.25
Kaimes,Penicuik,6.86,10.0,3.14,6.28,10.0,3.72,6.51,10.0,3.49,6.18,10.0,3.82,6.44,10.0,3.56,6.11,10.0,3.89,5.91,10.0,4.09,5.91,10.0,4.09,6.24,10.0,3.76,6.07,10.0,3.93,5.83,10.0,4.17,6.28,10.0,3.72
Kaimes,Poltonhall,3.84,10.0,6.16,3.94,10.0,6.06,4.02,10.0,5.98,6.55,10.0,3.45,6.6,10.0,3.4,6.9,10.0,3.1,6.77,10.0,3.23,6.63,10.0,3.37,6.56,10.0,3.44,6.92,10.0,3.08,6.8,10.0,3.2,6.52,10.0,3.48
Kilbowie 11Kv,Kilbowie,,,,,,,,,,,,,9.23,20.0,10.77,8.65,20.0,11.35,7.92,20.0,12.08,7.74,20.0,12.26,9.2,20.0,10.8,7.46,20.0,12.54,7.64,20.0,12.36,7.63,20.0,12.37
Kilbowie 33Kv,Abbeylands Road,2.82,10.0,7.18,3.68,10.0,6.32,2.56,10.0,7.44,2.59,10.0,7.41,2.38,10.0,7.62,2.4,10.0,7.6,2.32,10.0,7.68,2.15,10.0,7.85,2.81,10.0,7.19,2.12,10.0,7.88,2.47,10.0,7.53,2.25,10.0,7.75
Killermont,Firhill Road,9.48,21.0,11.52,11.4,21.0,9.6,9.69,21.0,11.31,8.69,21.0,12.31,8.11,21.0,12.89,8.68,21.0,12.32,9.29,21.0,11.71,5.39,21.0,15.61,7.92,21.0,13.08,7.13,21.0,13.87,8.34,21.0,12.66,7.47,21.0,13.53
Killermont,Kilmardinny,14.62,21.0,6.38,17.02,21.0,3.98,14.69,21.0,6.31,12.48,21.0,8.52,12.36,21.0,8.64,13.35,21.0,7.65,12.73,21.0,8.27,11.58,21.0,9.42,12.97,21.0,8.03,7.33,21.0,13.67,11.65,21.0,9.35,11.72,21.0,9.28
Killermont,Shawpark Street,13.86,21.0,7.14,13.69,21.0,7.31,12.92,21.0,8.08,12.98,21.0,8.02,13.47,21.0,7.53,13.08,21.0,7.92,12.31,21.0,8.69,12.42,21.0,8.58,12.12,21.0,8.88,11.63,21.0,9.37,12.41,21.0,8.59,11.95,21.0,9.05
Kilmarnock Town,Grassyards,12.63,23.0,10.37,13.88,23.0,9.12,13.72,23.0,9.28,13.24,23.0,9.76,13.33,23.0,9.67,13.16,23.0,9.84,12.73,23.0,10.27,13.54,23.0,9.46,12.64,23.0,10.36,11.88,23.0,11.12,12.4,23.0,10.6,11.42,23.0,11.58
Kilmarnock Town,Kilmarnock Main,,,,,,,,,,,,,,,,,,,,,,,,,,,,,,,13.14,24.0,10.86,12.7,24.0,11.3
Kilmarnock Town,Langlands Street,10.89,21.0,10.11,8.54,21.0,12.46,10.08,21.0,10.92,9.97,21.0,11.03,10.14,21.0,10.86,10.49,21.0,10.51,9.55,21.0,11.45,9.52,21.0,11.48,8.81,21.0,12.19,8.92,21.0,12.08,9.44,21.0,11.56,8.69,21.0,12.31
Kilmarnock Town,Stewarton,3.57,24.0,20.43,10.31,24.0,13.69,18.57,24.0,5.43,10.65,24.0,13.35,10.76,24.0,13.24,9.89,24.0,14.11,9.22,24.0,14.78,10.05,24.0,13.95,9.76,24.0,14.24,10.62,24.0,13.38,9.43,18.86,9.43,9.15,18.86,9.71
Kilwinning,Dalrymple Drive,19.12,24.0,4.88,15.7,24.0,8.3,15.84,24.0,8.16,15.05,24.0,8.95,14.53,24.0,9.47,14.31,24.0,9.69,14.06,24.0,9.94,14.94,24.0,9.06,14.09,24.0,9.91,17.47,24.0,6.53,15.67,24.0,8.33,14.23,24.0,9.77
Leven,Durie House,11.72,10.0,-1.72,9.72,10.0,0.28,9.82,10.0,0.18,9.17,10.0,0.83,9.45,10.0,0.55,8.91,10.0,1.09,8.44,10.0,1.56,8.52,10.0,1.48,9.92,10.0,0.08,8.12,10.0,1.88,7.65,24.0,16.35,8.13,24.0,15.87
Linnmill,Biggar,5.93,10.0,4.07,5.97,10.0,4.03,5.66,10.0,4.34,4.7,10.0,5.3,4.62,10.0,5.38,5.17,10.0,4.83,4.22,10.0,5.78,4.17,10.0,5.83,4.56,10.0,5.44,5.21,10.0,4.79,5.78,10.0,4.22,6.37,10.0,3.63
Linnmill,Douglas West,9.16,10.0,0.84,7.82,10.0,2.18,6.79,10.0,3.21,6.49,10.0,3.51,6.79,10.0,3.21,5.91,10.0,4.09,6.71,24.0,17.29,7.47,24.0,16.53,6.91,24.0,17.09,6.24,24.0,17.76,7.62,24.0,16.38,7.27,24.0,16.73
Livingston East,Kirkton,17.11,24.0,6.89,12.07,24.0,11.93,18.92,24.0,5.08,10.95,24.0,13.05,11.13,24.0,12.87,10.05,24.0,13.95,9.35,24.0,14.65,9.4,24.0,14.6,9.38,24.0,14.62,9.38,24.0,14.62,9.48,24.0,14.52,9.02,24.0,14.98
Maybole,Pinwherry,1.73,5.0,3.27,1.87,5.0,3.13,2.31,5.0,2.69,1.89,5.0,3.11,3.49,5.0,1.51,2.17,5.0,2.83,1.93,7.5,5.57,1.93,7.5,5.57,2.0,7.5,5.5,1.94,7.5,5.56,1.97,7.5,5.53,2.19,7.5,5.31
Newarthill,Forth,,,,,,,3.04,8.0,4.96,3.76,10.0,6.24,3.75,8.0,4.25,5.01,8.0,2.99,3.72,24.0,20.28,6.06,24.0,17.94,5.38,24.0,18.62,3.77,24.0,20.23,4.94,20.3,15.36,4.07,20.3,16.23
Newarthill,Newhouse,16.3,21.0,4.7,19.23,21.0,1.77,17.12,21.0,3.88,16.0,21.0,5.0,16.98,21.0,4.02,17.23,21.0,3.77,16.4,21.0,4.6,16.74,21.0,4.26,16.22,21.0,4.78,15.6,21.0,5.4,15.12,21.0,5.88,14.75,21.0,6.25
Newton Stewart,Sorbie,4.96,5.0,0.04,4.71,5.0,0.29,4.49,5.0,0.51,4.48,5.0,0.52,4.58,7.5,2.92,5.27,7.5,2.23,4.67,7.5,2.83,4.55,7.5,2.95,5.15,7.5,2.35,4.76,7.5,2.74,5.0,10.0,5.0,4.7,10.0,5.3
Partick,Kelvinside,19.6,21.0,1.4,16.81,21.0,4.19,20.8,21.0,0.2,19.2,21.0,1.8,18.2,21.0,2.8,19.44,21.0,1.56,17.49,21.0,3.51,16.69,21.0,4.31,16.16,21.0,4.84,16.41,21.0,4.59,19.02,21.0,1.98,19.14,21.0,1.86
Partick,Randolph Road,11.91,21.0,9.09,11.43,21.0,9.57,11.15,21.0,9.85,10.56,21.0,10.44,10.58,21.0,10.42,10.77,21.0,10.23,10.13,21.0,10.87,10.01,21.0,10.99,10.79,21.0,10.21,10.61,21.0,10.39,14.52,21.0,6.48,13.87,21.0,7.13
Port Dundas,Denmark Street,12.68,23.0,10.32,13.97,23.0,9.03,11.18,23.0,11.82,11.38,23.0,11.62,11.08,23.0,11.92,11.04,23.0,11.96,10.41,23.0,12.59,11.46,23.0,11.54,9.63,23.0,13.37,9.42,23.0,13.58,10.54,23.0,12.46,9.08,23.0,13.92
Portobello,Lower London Road,7.59,10.0,2.41,7.62,10.0,2.38,8.23,10.0,1.77,9.24,10.0,0.76,8.44,10.0,1.56,7.32,10.0,2.68,7.32,10.0,2.68,7.32,10.0,2.68,6.19,10.0,3.81,5.4,10.0,4.6,5.65,10.0,4.35,5.82,10.0,4.18
Portobello,Portobello,35.56,24.0,-11.56,40.67,24.0,-16.67,35.5,48.0,12.5,32.38,24.0,-8.38,32.22,48.0,15.78,33.74,48.0,14.26,33.41,48.0,14.59,28.81,24.0,-4.81,31.12,24.0,-7.12,30.13,24.0,-6.13,32.33,48.0,15.67,28.52,48.0,19.48
Redhouse,Chapel,6.34,10.0,3.66,4.12,10.0,5.88,7.28,10.0,2.72,6.98,10.0,3.02,6.53,10.0,3.47,6.72,10.0,3.28,6.29,10.0,3.71,6.86,10.0,3.14,8.85,10.0,1.15,8.42,10.0,1.58,6.57,10.0,3.43,6.83,10.0,3.17
Redhouse,Pitteuchar,7.35,24.0,16.65,6.09,24.0,17.91,5.13,24.0,18.87,6.87,24.0,17.13,6.84,24.0,17.16,7.65,24.0,16.35,9.59,24.0,14.41,6.69,24.0,17.31,9.71,24.0,14.29,9.72,24.0,14.28,8.89,24.0,15.11,11.57,24.0,12.43
Redhouse,Redhouse,13.84,23.0,9.16,13.58,23.0,9.42,14.46,23.0,8.54,13.89,23.0,9.11,13.7,23.0,9.3,13.76,23.0,9.24,12.3,24.0,11.7,12.3,24.0,11.7,11.54,24.0,12.46,11.45,24.0,12.55,11.34,23.43,12.09,12.43,23.43,11.0
Saltcoats A,Stevenston,20.96,21.0,0.04,18.03,21.0,2.97,15.16,21.0,5.84,15.18,21.0,5.82,15.18,21.0,5.82,15.23,21.0,5.77,15.17,21.0,5.83,14.55,21.0,6.45,13.57,21.0,7.43,12.42,21.0,8.58,13.35,21.0,7.65,13.43,21.0,7.57
Saltcoats B,Largs,9.18,24.0,14.82,8.34,24.0,15.66,8.97,24.0,15.03,9.13,24.0,14.87,8.64,24.0,15.36,8.91,24.0,15.09,8.51,24.0,15.49,8.45,24.0,15.55,8.33,24.0,15.67,8.14,24.0,15.86,7.83,24.0,16.17,7.62,24.0,16.38
Shrubhill,Bonnington Road,9.8,24.0,14.2,14.67,24.0,9.33,15.28,24.0,8.72,15.43,24.0,8.57,15.73,24.0,8.27,16.12,24.0,7.88,12.11,24.0,11.89,15.47,24.0,8.53,12.85,24.0,11.15,15.15,24.0,8.85,14.32,24.0,9.68,14.33,24.0,9.67
Shrubhill,Calton Road,,,,5.73,24.0,18.27,12.02,24.0,11.98,5.48,24.0,18.52,7.96,24.0,16.04,9.14,24.0,14.86,8.66,24.0,15.34,8.04,24.0,15.96,6.37,24.0,17.63,7.39,24.0,16.61,8.58,24.0,15.42,8.74,24.0,15.26
Shrubhill,Easter Road,9.42,21.0,11.58,8.25,21.0,12.75,7.72,21.0,13.28,11.44,21.0,9.56,7.32,21.0,13.68,7.3,21.0,13.7,8.77,21.0,12.23,6.53,21.0,14.47,6.07,21.0,14.93,6.55,21.0,14.45,6.13,21.0,14.87,6.7,21.0,14.3
Shrubhill,St James Centre,16.51,24.0,7.49,17.09,24.0,6.91,1.29,24.0,22.71,12.52,24.0,11.48,11.08,24.0,12.92,11.39,24.0,12.61,10.54,24.0,13.46,9.07,24.0,14.93,6.7,24.0,17.3,9.78,24.0,14.22,10.73,24.0,13.27,11.92,24.0,12.08
Sighthill,Balgreen,6.96,15.0,8.04,9.76,15.0,5.24,6.38,15.0,8.62,7.97,15.0,7.03,6.62,15.0,8.38,6.67,15.0,8.33,7.42,21.0,13.58,6.34,21.0,14.66,6.54,21.0,14.46,4.79,21.0,16.21,4.7,20.86,16.16,4.84,20.86,16.02
Sighthill,Barnton Quarry,5.77,21.0,15.23,5.39,21.0,15.61,5.38,21.0,15.62,5.26,21.0,15.74,5.34,21.0,15.66,5.52,21.0,15.48,5.17,21.0,15.83,4.95,21.0,16.05,6.49,21.0,14.51,4.75,21.0,16.25,6.68,24.0,17.32,6.51,24.0,17.49
Sighthill,Edinburgh Airport,7.59,10.0,2.41,6.31,10.0,3.69,9.2,10.0,0.8,7.9,10.0,2.1,,,,,,,,,,,,,,,,,,,,,,5.33,10.0,4.67
Sighthill,Kingsknowe Road North,12.01,24.0,11.99,11.92,24.0,12.08,14.31,24.0,9.69,14.22,24.0,9.78,15.26,24.0,8.74,14.98,24.0,9.02,15.22,24.0,8.78,13.04,24.0,10.96,13.8,24.0,10.2,11.65,24.0,12.35,11.5,24.0,12.5,12.21,24.0,11.79
Sighthill,Roseburn,5.77,10.0,4.23,9.99,10.0,0.01,5.93,10.0,4.07,6.01,10.0,3.99,14.31,16.0,1.69,7.73,16.0,8.27,14.12,20.0,5.88,7.08,20.0,12.92,5.7,20.0,14.3,3.92,20.0,16.08,3.91,20.0,16.09,3.93,20.0,16.07
Sighthill,Saughton Road North,6.67,21.0,14.33,5.8,21.0,15.2,4.34,21.0,16.66,4.11,21.0,16.89,3.96,21.0,17.04,4.4,21.0,16.6,3.76,21.0,17.24,3.83,21.0,17.17,2.62,21.0,18.38,8.08,21.0,12.92,8.56,24.0,15.44,7.14,24.0,16.86
Spango Valley,Larkfield,13.41,23.0,9.59,12.59,23.0,10.41,11.47,23.0,11.53,11.44,23.0,11.56,10.54,23.0,12.46,10.91,23.0,12.09,10.52,23.0,12.48,10.9,23.0,12.1,10.55,23.0,12.45,10.23,23.0,12.77,10.37,23.0,12.63,10.58,23.0,12.42
St Andrews Cross,Caledonia Bus Depot,,,,,,,,,,,,,,,,,,,,,,,,,,,,,,,,,,5.48,32.0,26.52
St Andrews Cross,Waddell Street,,,,,,,,,,,,,,,,,,,,,,10.96,21.0,10.04,10.38,21.0,10.62,11.46,21.0,9.54,12.42,21.0,8.58,11.29,21.0,9.71
Stirling,Colquhoun Street,21.84,21.0,-0.84,13.53,21.0,7.47,13.32,21.0,7.68,15.62,21.0,5.38,13.83,21.0,7.17,14.09,21.0,6.91,12.9,21.0,8.1,13.9,21.0,7.1,13.39,21.0,7.61,14.1,21.0,6.9,15.21,21.0,5.79,14.3,21.0,6.7
Strathaven,Burnbank,9.84,16.6,6.76,6.31,16.62,10.31,13.53,23.0,9.47,13.34,23.0,9.66,16.69,23.0,6.31,14.23,23.0,8.77,15.1,23.0,7.9,14.43,23.0,8.57,13.0,23.0,10.0,12.92,23.0,10.08,14.23,23.0,8.77,14.14,23.0,8.86
Strathleven,Dumbarton,10.33,10.0,-0.33,10.6,10.0,-0.6,9.86,24.0,14.14,9.9,24.0,14.1,9.36,24.0,14.64,9.42,24.0,14.58,8.88,10.0,1.12,8.75,10.0,1.25,8.35,10.0,1.65,8.87,10.0,1.13,8.61,24.0,15.39,8.06,24.0,15.94
Strathleven,High Mains Milton,7.52,10.0,2.48,7.02,10.0,2.98,7.64,10.0,2.36,7.09,10.0,2.91,6.62,10.0,3.38,6.8,10.0,3.2,6.29,10.0,3.71,6.03,10.0,3.97,6.92,10.0,3.08,6.73,10.0,3.27,6.32,10.0,3.68,6.11,10.0,3.89
Strathleven,Strathleven,11.05,23.0,11.95,10.07,23.0,12.93,10.03,23.0,12.97,10.69,23.0,12.31,10.02,23.0,12.98,10.41,23.0,12.59,9.44,23.0,13.56,9.76,23.0,13.24,10.58,23.0,12.42,9.71,23.0,13.29,10.01,23.0,12.99,9.26,23.0,13.74
Telford Road,Telford Road,1.88,10.0,8.12,5.36,10.0,4.64,14.21,24.0,9.79,9.39,10.0,0.61,5.63,24.0,18.37,6.56,24.0,17.44,6.46,24.0,17.54,4.89,24.0,19.11,9.63,24.0,14.37,10.73,24.0,13.27,10.3,24.0,13.7,10.48,24.0,13.52
Tongland 11Kv Gsp,Tongland Distribution,8.42,15.0,6.58,7.02,15.0,7.98,7.16,15.0,7.84,6.55,15.0,8.45,6.55,15.0,8.45,6.6,15.0,8.4,6.55,15.0,8.45,4.89,15.0,10.11,4.89,15.0,10.11,4.89,15.0,10.11,7.06,15.0,7.94,7.27,15.0,7.73
West George Street,Dundas Street,,,,,,,,,,,,,,,,,,,,,,13.63,24.0,10.37,8.56,24.0,15.44,10.91,24.0,13.09,11.94,24.0,12.06,10.75,24.0,13.25
Westburn Road,Baillieston,,,,,,,13.2,21.0,7.8,13.02,21.0,7.98,14.17,21.0,6.83,13.94,21.0,7.06,14.38,21.0,6.62,13.63,21.0,7.37,15.18,21.0,5.82,15.21,21.0,5.79,14.65,21.0,6.35,12.4,21.0,8.6
Westfield,Kelty,9.11,10.0,0.89,8.72,10.0,1.28,8.08,10.0,1.92,7.98,10.0,2.02,7.4,10.0,2.6,7.39,10.0,2.61,7.22,10.0,2.78,7.24,10.0,2.76,7.75,10.0,2.25,7.52,10.0,2.48,7.2,10.0,2.8,8.07,10.0,1.93
Whitehouse,George Square Lane,19.72,21.0,1.28,24.52,21.0,-3.52,18.94,21.0,2.06,17.33,21.0,3.67,19.61,21.0,1.39,19.43,21.0,1.57,18.2,21.0,2.8,17.46,21.0,3.54,15.63,21.0,5.37,16.6,21.0,4.4,19.0,21.0,2.0,18.95,21.0,2.05
Whitehouse,Maxwell Street,15.05,24.0,8.95,12.01,24.0,11.99,13.27,24.0,10.73,13.0,24.0,11.0,12.89,24.0,11.11,13.12,24.0,10.88,11.72,24.0,12.28,11.65,24.0,12.35,12.19,24.0,11.81,11.32,24.0,12.68,12.83,24.0,11.17,12.12,24.0,11.88
Whitehouse,Park Road,10.76,21.0,10.24,10.76,21.0,10.24,10.98,21.0,10.02,10.43,21.0,10.57,9.99,21.0,11.01,10.43,21.0,10.57,10.94,21.0,10.06,9.31,21.0,11.69,8.31,21.0,12.69,7.69,21.0,13.31,7.4,21.0,13.6,7.89,21.0,13.11
Wishaw,Craigneuk,6.75,21.0,14.25,6.96,21.0,14.04,6.84,21.0,14.16,6.56,21.0,14.44,7.29,21.0,13.71,7.31,21.0,13.69,7.18,21.0,13.82,7.06,21.0,13.94,7.04,21.0,13.96,7.08,21.0,13.92,6.58,21.0,14.42,7.31,21.0,13.69
Wishaw,Larkhall (Primary),10.57,23.0,12.43,10.08,23.0,12.92,9.25,23.0,13.75,9.26,23.0,13.74,9.64,23.0,13.36,10.14,23.0,12.86,7.84,24.0,16.16,8.88,24.0,15.12,8.88,24.0,15.12,8.88,24.0,15.12,9.79,23.0,13.21,8.93,23.0,14.07
Wishaw,Larkhall Town,7.33,24.0,16.67,7.6,24.0,16.4,7.19,24.0,16.81,7.1,24.0,16.9,7.18,24.0,16.82,7.17,24.0,16.83,6.92,24.0,17.08,6.91,24.0,17.09,7.39,24.0,16.61,7.21,24.0,16.79,7.16,24.0,16.84,7.28,24.0,16.72
Wishaw,Muirhouse,8.47,10.0,1.53,4.52,10.0,5.48,4.05,10.0,5.95,3.96,10.0,6.04,5.13,10.0,4.87,5.18,10.0,4.82,4.8,7.5,2.7,4.85,7.5,2.65,4.65,7.5,2.85,4.99,7.5,2.51,5.1,10.0,4.9,4.84,10.0,5.16
Wishaw,Overtown,8.08,21.0,12.92,9.61,21.0,11.39,9.75,21.0,11.25,8.47,21.0,12.53,7.54,21.0,13.46,7.8,21.0,13.2,7.72,21.0,13.28,6.64,21.0,14.36,7.87,21.0,13.13,7.02,21.0,13.98,7.35,21.0,13.65,6.9,21.0,14.1
Wishaw,Stonehouse,4.52,24.0,19.48,5.6,24.0,18.4,3.94,24.0,20.06,5.81,24.0,18.19,10.01,8.0,-2.01,8.82,8.0,-0.82,9.11,24.0,14.89,7.4,24.0,16.6,3.67,24.0,20.33,3.67,24.0,20.33,5.48,8.0,2.52,6.33,8.0,1.67
